source,target,weight
"Newborough, Thomas (46649720)","ROGERS, William (bbti_104038)",2
"Newborough, Thomas (46649720)","Rhodes, H. (41714688)",1
"Newborough, Thomas (46649720)","HARRIS, Elizabeth (bbti_31005)",1
"Newborough, Thomas (46649720)","BARKER, B. (benjaminbarker_0)",1
"Newborough, Thomas (46649720)","Parsons, William, 1658-1725?. (74704276)",1
"Newborough, Thomas (46649720)","SPRINT, Samuel (bbti_104617)",1
"Newborough, Thomas (46649720)","Heptinstall, J. (269036155)",2
"Newborough, Thomas (46649720)","Aylmer, Brabazon (41690231)",1
"Newborough, Thomas (46649720)","Nicholson, J. (19553220)",1
"Newborough, Thomas (46649720)","BROME, Charles (bbti_9392)",1
"Newborough, Thomas (46649720)","Bonwicke, Henry (73741053)",1
"Newborough, Thomas (46649720)","CHAPMAN, Thomas (bbti_13173)",1
"Newborough, Thomas (46649720)","MONCKTON, Philip (bbti_47943)",1
"Newborough, Thomas (46649720)","Midwinter, D. (173741386)",2
"Newborough, Thomas (46649720)","MOORE, Thomas (bbti_48210)",1
"Newborough, Thomas (46649720)","HARTLEY, John (bbti_31555)",1
"Goodwin, T. (66518994)","Tonson, Jacob (330654)",5
"Goodwin, T. (66518994)","WOOTTON, Matthew (bbti_78047)",1
"Goodwin, T. (66518994)","FREEMAN, William (bbti_105242)",6
"Goodwin, T. (66518994)","COGGAN, Francis (bbti_14903)",2
"Goodwin, T. (66518994)","Midwinter, D. (173741386)",1
"Goodwin, T. (66518994)",A. and J. Churchill (bbti_107835),2
"Goodwin, T. (66518994)","BELL, Andrew (bbti_5367)",1
"Goodwin, T. (66518994)","TAYLOR, John (bbti_107515)",1
"Goodwin, T. (66518994)","KNAPLOCK, Robert (bbti_107957)",1
"Goodwin, T. (66518994)","Tooke, Benjamin (100328493)",8
"Goodwin, T. (66518994)","BROWN, Daniel (bbti_107361)",1
"Goodwin, T. (66518994)","Lintott, Bernard (34509981)",1
"Goodwin, T. (66518994)","LEWIS, William (bbti_42637)",1
"Goodwin, T. (66518994)","HORNE, Thomas (bbti_35104)",1
"Goodwin, T. (66518994)","Collins, Freeman (41727978)",1
"Goodwin, T. (66518994)","WALTHOE, John I (bbti_72801)",4
"Goodwin, T. (66518994)","WOTTON, Mathew (bbti_105842)",6
"Goodwin, T. (66518994)","Nicholson, J. (19553220)",4
"Goodwin, T. (66518994)","SMITH, Ralph (bbti_64335)",3
"Goodwin, T. (66518994)","MANSHIP, Samuel (bbti_104724)",5
"Goodwin, T. (66518994)","PARKER, Richard (bbti_52439)",4
"Goodwin, T. (66518994)","BONWICKE, Rebecca (bbti_7688)",3
"Goodwin, T. (66518994)","PEMBERTON, John (bbti_53584)",3
"Goodwin, T. (66518994)","LINTOT, Joshua (bbti_42947)",3
"Goodwin, T. (66518994)","JONES, Mary (bbti_38814)",1
"Goodwin, T. (66518994)","Bonwicke, Henry (73741053)",2
"Goodwin, T. (66518994)","Jones, Edward (19566142)",4
"Goodwin, T. (66518994)","WOTTON, Matthew (bbti_78165)",1
"Goodwin, T. (66518994)","ROGERS, William (bbti_104038)",2
"Goodwin, T. (66518994)","HARTLEY, John (bbti_31555)",1
"Goodwin, T. (66518994)","HARRISON, J (bbti_31247)",1
"Goodwin, T. (66518994)","CLEAVE, John (bbti_108083)",1
"Goodwin, T. (66518994)","BOSVILLE, Alexander (bbti_7880)",1
"Goodwin, T. (66518994)","BROWNE, Daniel I (bbti_10232)",1
"Goodwin, T. (66518994)","PLACE, Edward (bbti_54789)",1
"Goodwin, T. (66518994)","VINCENT, Robert (bbti_71765)",1
"Bragg, B. (44148715)","D'Urfey, Thomas, 1653-1723. (5060938)",1
"Bragg, B. (44148715)","LEACH, Francis (bbti_41727)",1
"Bragg, B. (44148715)","BRISCOE, Samuel (bbti_9201)",2
"Bragg, B. (44148715)","Gildon, Charles, 1665-1724. (50128721)",2
"Bragg, B. (44148715)","Janeway, Richard (77742949)",1
"Bragg, B. (44148715)","BRADYLL, Thomas (bbti_107764)",1
"Bragg, B. (44148715)","BURROWS, Samuel (bbti_11228)",1
"Bragg, B. (44148715)","BULLOCK, Thomas (bbti_10810)",1
"Bragg, B. (44148715)","Downing, W. (39262887)",1
"Bragg, B. (44148715)","TAYLOR, John (bbti_107515)",1
"Bragg, B. (44148715)","MONTGOMERY, Hugh (bbti_48010)",1
heirs and successors of Andrew Anderson (121294363),"DOM, Dom (annodom_0)",7
"Hills, H. (255661736)","Bugg, Francis, 1640-1724?. (17569100)",1
"Hills, H. (255661736)","Newcomb, Thomas (12361109)",2
"Collins, Freeman (41727978)","WALTHOE, John I (bbti_72801)",1
"Collins, Freeman (41727978)","WOTTON, Mathew (bbti_105842)",1
"Collins, Freeman (41727978)","Nicholson, J. (19553220)",1
"Collins, Freeman (41727978)","Tooke, Benjamin (100328493)",1
"Collins, Freeman (41727978)","SMITH, Ralph (bbti_64335)",1
"Collins, Freeman (41727978)","MANSHIP, Samuel (bbti_104724)",1
"Collins, Freeman (41727978)","PARKER, Richard (bbti_52439)",1
"Collins, Freeman (41727978)","BONWICKE, Rebecca (bbti_7688)",1
"Collins, Freeman (41727978)","FREEMAN, William (bbti_105242)",1
"Collins, Freeman (41727978)","PARKER, Edmund (bbti_105768)",2
"Collins, Freeman (41727978)","Nutt, J. (26938284)",4
"Collins, Freeman (41727978)","Strahan, G. (71442890)",3
"Collins, Freeman (41727978)","Bennet, Thomas (51743443)",1
"Collins, Freeman (41727978)",Company of Stationers (122574378),1
"BALLARD, Samuel (bbti_107794)","HARRISON, Richard (bbti_31336)",1
"BALLARD, Samuel (bbti_107794)","Nicholson, J. (19553220)",3
"BALLARD, Samuel (bbti_107794)","KNAPLOCK, Robert (bbti_107957)",1
"SPRINT, Samuel (bbti_104617)","Bennet, Thomas (51743443)",1
"SPRINT, Samuel (bbti_104617)","PARKER, Richard (bbti_52439)",1
"SPRINT, Samuel (bbti_104617)",J. and P. Knapton (150016994),1
"SPRINT, Samuel (bbti_104617)","HARRIS, George (bbti_31021)",1
"SPRINT, Samuel (bbti_104617)","WYAT, John (bbti_78573)",1
"SPRINT, Samuel (bbti_104617)","BRADYLL, Thomas (bbti_107764)",1
"SPRINT, Samuel (bbti_104617)","TAYLOR, John (bbti_68100)",1
"SPRINT, Samuel (bbti_104617)","Midwinter, D. (173741386)",1
"SPRINT, Samuel (bbti_104617)","Nicholson, J. (19553220)",2
"SPRINT, Samuel (bbti_104617)","Tooke, Benjamin (100328493)",1
"SPRINT, Samuel (bbti_104617)","BROME, Charles (bbti_9392)",2
"SPRINT, Samuel (bbti_104617)","LEIGH, T. (thomasleigh_0)",1
"SPRINT, Samuel (bbti_104617)","Heptinstall, J. (269036155)",1
"SPRINT, Samuel (bbti_104617)","Aylmer, Brabazon (41690231)",1
"SPRINT, Samuel (bbti_104617)","ROGERS, William (bbti_104038)",1
"SPRINT, Samuel (bbti_104617)","Bonwicke, Henry (73741053)",1
"SPRINT, Samuel (bbti_104617)","CHAPMAN, Thomas (bbti_13173)",1
"SPRINT, Samuel (bbti_104617)","MONCKTON, Philip (bbti_47943)",1
"SPRINT, Samuel (bbti_104617)","Downing, J. (51926513)",1
"SPRINT, Samuel (bbti_104617)","TAYLOR, John (bbti_107515)",1
"SPRINT, Samuel (bbti_104617)","Lintott, Bernard (34509981)",1
"SPRINT, Samuel (bbti_104617)","Ballard, Thomas, active 1698-1734. (72811927)",1
"SPRINT, Samuel (bbti_104617)","ROBINSON, Joseph (bbti_113639)",1
"SPRINT, Samuel (bbti_104617)","SIMPSON, Ralph (bbti_63169)",1
"SPRINT, Samuel (bbti_104617)","NEWMAN, Hugh (bbti_50050)",1
"SPRINT, Samuel (bbti_104617)","Parkhurst, Thomas (13724886)",1
"Clark, H. (73772960)","BOULTER, Whattoff (bbti_7972)",2
"Clark, H. (73772960)",Company of Stationers (122574378),1
"Clark, H. (73772960)","TAYLOR, John (bbti_68100)",1
"Clark, H. (73772960)","Keble, Samuel (61423499)",1
"Clark, H. (73772960)",A. and J. Churchill (bbti_107835),1
"Bill, Charles (44350696)","Newcomb, Thomas (12361109)",37
"CAMPBELL, Patrick (patrickcampbel_0)","Brocas, John (41726148)",1
"CAMPBELL, Patrick (patrickcampbel_0)","MILNER, Jacob (jacobmilner_0)",1
"BOTHAM, William I (bbti_7900)","Lloyd, William, Curate of Diss, Norfolk. (68801762)",1
"BOTHAM, William I (bbti_7900)","Bennet, Thomas (51743443)",1
"BOTHAM, William I (bbti_7900)","BOSVILLE, Alexander (bbti_7880)",1
"BOTHAM, William I (bbti_7900)",A. and J. Churchill (bbti_107835),2
"BOTHAM, William I (bbti_7900)","SARE, Richard (bbti_60899)",4
"BOTHAM, William I (bbti_7900)","KNAPTON, James (bbti_40501)",4
"BOTHAM, William I (bbti_7900)","WILKIN, Richard (bbti_75857)",2
"BOTHAM, William I (bbti_7900)","WYAT, John (bbti_78573)",1
"BOTHAM, William I (bbti_7900)","Robinson, Jonathan (19565519)",1
"WALTHOE, John I (bbti_72801)","WOTTON, Mathew (bbti_105842)",6
"WALTHOE, John I (bbti_72801)","Nicholson, J. (19553220)",5
"WALTHOE, John I (bbti_72801)","Tooke, Benjamin (100328493)",3
"WALTHOE, John I (bbti_72801)","SMITH, Ralph (bbti_64335)",3
"WALTHOE, John I (bbti_72801)","MANSHIP, Samuel (bbti_104724)",3
"WALTHOE, John I (bbti_72801)","PARKER, Richard (bbti_52439)",5
"WALTHOE, John I (bbti_72801)","BONWICKE, Rebecca (bbti_7688)",3
"WALTHOE, John I (bbti_72801)","FREEMAN, William (bbti_105242)",5
"WALTHOE, John I (bbti_72801)","Conyers, G. (21998777)",1
"WALTHOE, John I (bbti_72801)","Chiswell, Richard (24655896)",1
"WALTHOE, John I (bbti_72801)","Dawks, J. (63599288)",1
"WALTHOE, John I (bbti_72801)","SPRINT, John (bbti_108120)",1
"WALTHOE, John I (bbti_72801)","Ballard, Thomas, active 1698-1734. (72811927)",1
"WALTHOE, John I (bbti_72801)",assigns of Richard and Edward Atkins (121292554),3
"WALTHOE, John I (bbti_72801)","COX, --- (bbti_16704)",1
"Baldwin, A. (36972115)","BROWN, Daniel (bbti_107361)",1
"Baldwin, A. (36972115)","FABIAN, M. (maryfabian_0)",1
"Baldwin, A. (36972115)","MAXWELL, J. (johnmaxwell_0)",1
"Baldwin, A. (36972115)","Senex, J. (13471693)",1
"Baldwin, A. (36972115)","Bisset, William, 1669?-1747. (71742773)",1
"Baldwin, A. (36972115)","Harrison, T. (31857518)",2
"Baldwin, A. (36972115)","BILLING, R (bbti_6378)",1
"Baldwin, A. (36972115)","DRURY, Samuel (bbti_21004)",1
"Baldwin, A. (36972115)","Fuller, William, 1670-1733. (43244389)",1
"Baldwin, A. (36972115)","Heptinstall, J. (269036155)",1
"Heptinstall, J. (269036155)","HOLLAND, James (bbti_108660)",1
"Heptinstall, J. (269036155)","WALSH, John (bbti_72718)",1
"Heptinstall, J. (269036155)","Aylmer, Brabazon (41690231)",1
"Heptinstall, J. (269036155)","ROGERS, William (bbti_104038)",1
"Heptinstall, J. (269036155)","Nicholson, J. (19553220)",1
"Heptinstall, J. (269036155)","BROME, Charles (bbti_9392)",1
"Heptinstall, J. (269036155)","Bonwicke, Henry (73741053)",1
"Heptinstall, J. (269036155)","CHAPMAN, Thomas (bbti_13173)",1
"Heptinstall, J. (269036155)","MONCKTON, Philip (bbti_47943)",1
"Heptinstall, J. (269036155)","ROBINSON, Joseph (bbti_113639)",1
"Heptinstall, J. (269036155)",Company of Stationers (122574378),1
"Heptinstall, J. (269036155)","Playford, Henry (42680649)",2
"Heptinstall, J. (269036155)","MORTLOCK, George (bbti_48741)",1
"WOOTTON, Matthew (bbti_78047)","FREEMAN, William (bbti_105242)",1
"WOOTTON, Matthew (bbti_78047)","COGGAN, Francis (bbti_14903)",1
"Midwinter, D. (173741386)",A. and J. Churchill (bbti_107835),1
"Midwinter, D. (173741386)","BELL, Andrew (bbti_5367)",1
"Midwinter, D. (173741386)","TAYLOR, John (bbti_107515)",1
"Midwinter, D. (173741386)","KNAPLOCK, Robert (bbti_107957)",3
"Midwinter, D. (173741386)","Tooke, Benjamin (100328493)",3
"Midwinter, D. (173741386)","BROWN, Daniel (bbti_107361)",1
"Midwinter, D. (173741386)","Lintott, Bernard (34509981)",2
"Midwinter, D. (173741386)","Tonson, Jacob (330654)",1
"Midwinter, D. (173741386)","LEWIS, William (bbti_42637)",1
"Midwinter, D. (173741386)","HORNE, Thomas (bbti_35104)",1
"Midwinter, D. (173741386)","Morphew, J. (17097029)",1
"Midwinter, D. (173741386)","Nicholson, J. (19553220)",2
"Midwinter, D. (173741386)","Bowyer, W. (46815338)",1
"Midwinter, D. (173741386)","KEBLE, Samuel (bbti_106556)",1
"Midwinter, D. (173741386)","GRIFFIN, C (bbti_28989)",1
"Midwinter, D. (173741386)","BROME, Charles (bbti_9392)",1
"Midwinter, D. (173741386)","LEIGH, T. (thomasleigh_0)",6
"Midwinter, D. (173741386)","Nutt, J. (26938284)",1
"Midwinter, D. (173741386)","Bennet, Thomas (51743443)",1
"Midwinter, D. (173741386)","WATSON, R. (ralphwatson_0)",1
"Midwinter, D. (173741386)","WILKIN, Richard (bbti_75857)",2
"Midwinter, D. (173741386)","MOORE, Thomas (bbti_48210)",1
"Midwinter, D. (173741386)","HARTLEY, John (bbti_31555)",1
"PHILLIPS, John (bbti_54144)","KEBLE, William (bbti_39462)",1
"PHILLIPS, John (bbti_54144)","Sanger, E. (22039166)",1
"PHILLIPS, John (bbti_54144)","Taylor, W. (1565494)",1
"PHILLIPS, John (bbti_54144)","Clements, Henry (44350961)",1
"PHILLIPS, John (bbti_54144)","PARKER, Richard (bbti_52439)",1
"PHILLIPS, John (bbti_54144)","Tonson, Jacob (330654)",1
"PHILLIPS, John (bbti_54144)",J. and P. Knapton (150016994),1
"PHILLIPS, John (bbti_54144)","Cliff, N. (9729889)",1
"PHILLIPS, John (bbti_54144)","TAYLOR, John (bbti_68100)",1
"PHILLIPS, John (bbti_54144)","Rhodes, H. (41714688)",1
"PHILLIPS, John (bbti_54144)","Lintott, Bernard (34509981)",1
"WALTER, John (bbti_72744)","Norris, Thomas (29437883)",2
"WALTER, John (bbti_72744)","Onley, W. (29080720)",1
"WALTER, John (bbti_72744)","BROWNE, Christopher (bbti_10228)",1
"BANBURY, Bennet (bbti_3474)","SMITH, Ralph (bbti_64335)",1
"BILLING, R (bbti_6378)","MORETON, Elias (bbti_112981)",1
"BILLING, R (bbti_6378)","PICARD, R (bbti_54336)",1
"Ray, Joseph (58966351)",A. and J. Churchill (aandjchurchill_0),1
"CROOK, Andrew (andrewcrook_1)","GUNNE, Matthew (mathewgunne_0)",2
"CROOK, Andrew (andrewcrook_1)","DOBSON, E. (eliphaldobson_0)",2
"Bennet, Thomas (51743443)","PARKER, Richard (bbti_52439)",1
"Bennet, Thomas (51743443)",J. and P. Knapton (150016994),2
"Bennet, Thomas (51743443)","HARRIS, George (bbti_31021)",1
"Bennet, Thomas (51743443)","BOSVILLE, Alexander (bbti_7880)",1
"Bennet, Thomas (51743443)","WOTTON, Mathew (bbti_105842)",1
"Bennet, Thomas (51743443)","SARE, Richard (bbti_60899)",1
"Bennet, Thomas (51743443)","Tooke, Benjamin (100328493)",1
"Bennet, Thomas (51743443)","BROWN, Daniel (bbti_107361)",1
"Bennet, Thomas (51743443)","BARKER, B. (benjaminbarker_0)",1
"Bennet, Thomas (51743443)","S W, --- (bbti_60472)",1
"Bennet, Thomas (51743443)","WARREN, Thomas (bbti_73278)",4
"Bennet, Thomas (51743443)","Strahan, G. (71442890)",1
"Bennet, Thomas (51743443)","Tonson, Jacob (330654)",1
"Bennet, Thomas (51743443)","DAVIS, William (bbti_19047)",1
"Bennet, Thomas (51743443)","MATTHEWS, John (bbti_132753)",1
"Bennet, Thomas (51743443)",A. and J. Churchill (bbti_107835),1
"Bennet, Thomas (51743443)","BRADYLL, Thomas (bbti_107764)",1
"Bennet, Thomas (51743443)","SMITH, Sam (bbti_64396)",1
"Bennet, Thomas (51743443)","WALFORD, Benjamin (bbti_107857)",1
"Bennet, Thomas (51743443)","TAYLOR, Randolph (bbti_68227)",1
"SIMMONS, Church (churchsimmons_0)","Tracy, E. (48823380)",1
"Jones, Edward (19566142)",A. and J. Churchill (bbti_107835),1
"Jones, Edward (19566142)","Lowndes, Samuel (2698233)",1
"Jones, Edward (19566142)",Company of Stationers (122574378),1
"Nutt, J. (26938284)","NEWMAN, Hugh (bbti_50050)",1
"Nutt, J. (26938284)","BRISCOE, Samuel (bbti_9201)",3
"Nutt, J. (26938284)","Croom, George (54065151)",1
"Nutt, J. (26938284)","LEIGH, T. (thomasleigh_0)",1
"Nutt, J. (26938284)","James, Thomas (63893036)",1
"Nutt, J. (26938284)","Dennis, John, 1657-1734. (100973436)",1
"Nutt, J. (26938284)","Downing, J. (51926513)",3
"Nutt, J. (26938284)","HIM, him (thomashume_1)",2
"Nutt, J. (26938284)","TURNER, William (bbti_70987)",1
"Nutt, J. (26938284)","GARDINER, James (bbti_132746)",1
"Nutt, J. (26938284)","HAWES, William (bbti_31974)",1
"Nutt, J. (26938284)","BRUDENELL, John (bbti_106112)",1
"Nutt, J. (26938284)","Onley, W. (29080720)",1
"Nutt, J. (26938284)","BROWN, Daniel (bbti_107361)",1
"Nutt, J. (26938284)","Castle, Edward (41737022)",1
"Nutt, J. (26938284)",Company of Stationers (122574378),1
"Nutt, J. (26938284)","COLSON, William (williamcolson_0)",1
"Nutt, J. (26938284)","Lintott, Bernard (34509981)",2
"Nutt, J. (26938284)","Motte, B. (311426459)",1
"Nutt, J. (26938284)","JANEWAY, Richard II (bbti_37484)",1
"Nutt, J. (26938284)","H, J. (7255138)",1
"Nutt, J. (26938284)","SAWBRIDGE, George II (bbti_61088)",1
"Nutt, J. (26938284)","Sawbridge, George, active 1692-1711, (43885988)",1
"Morphew, J. (17097029)","Berrington, E. (NV2979)",1
"Morphew, J. (17097029)","Lintott, Bernard (34509981)",1
"Morphew, J. (17097029)","WOODWARD, James (bbti_77895)",7
"Morphew, J. (17097029)","Meere, H. (65560351)",1
"Morphew, J. (17097029)","Janeway, Richard (77742949)",2
"Morphew, J. (17097029)","Baker, J. (33425968)",1
"Morphew, J. (17097029)","WOODWARD, John (bbti_110417)",1
"Morphew, J. (17097029)","BOROUGHS, R (bbti_7840)",1
"Morphew, J. (17097029)","DOLPHIN, William (bbti_20521)",1
"Morphew, J. (17097029)","Strahan, G. (71442890)",1
"Morphew, J. (17097029)","BAKER, John (bbti_3052)",1
"Morphew, J. (17097029)","Tooke, Benjamin (100328493)",1
"Morphew, J. (17097029)","Taylor, W. (1565494)",1
"Morphew, J. (17097029)","Clements, Henry (44350961)",1
"Morphew, J. (17097029)","PARKER, Richard (bbti_52439)",1
"Morphew, J. (17097029)","King, C. (7257114)",1
"Morphew, J. (17097029)","Smith, R. (66368711)",1
"Morphew, J. (17097029)","Nutt, John, active 1691-1716, (NV23177)",1
"Morphew, J. (17097029)","BARKER, B. (benjaminbarker_0)",1
"Morphew, J. (17097029)","DARRACK, Thomas (bbti_18487)",1
"Morphew, J. (17097029)","SMITH, Ralph (bbti_64335)",1
"Morphew, J. (17097029)","POWELL, Edmund (bbti_55493)",1
"Morphew, J. (17097029)","MATTHEWS, John (bbti_132753)",1
"Morphew, J. (17097029)","CLARKE, Hannah (bbti_89290)",1
"Morphew, J. (17097029)","LILLIE, Charles (bbti_42781)",1
"Morphew, J. (17097029)","WARD, Josiah (bbti_113642)",1
"Morphew, J. (17097029)","SAYES, William (bbti_108679)",1
"Morphew, J. (17097029)","MIDDLETON, W. (wmiddleton_0)",1
"WOTTON, Mathew (bbti_105842)","Nicholson, J. (19553220)",4
"WOTTON, Mathew (bbti_105842)","Tooke, Benjamin (100328493)",6
"WOTTON, Mathew (bbti_105842)","SMITH, Ralph (bbti_64335)",3
"WOTTON, Mathew (bbti_105842)","MANSHIP, Samuel (bbti_104724)",4
"WOTTON, Mathew (bbti_105842)","PARKER, Richard (bbti_52439)",4
"WOTTON, Mathew (bbti_105842)","BONWICKE, Rebecca (bbti_7688)",3
"WOTTON, Mathew (bbti_105842)","FREEMAN, William (bbti_105242)",5
"WOTTON, Mathew (bbti_105842)","Conyers, G. (21998777)",1
"WOTTON, Mathew (bbti_105842)","Chiswell, Richard (24655896)",1
"WOTTON, Mathew (bbti_105842)","Dawks, J. (63599288)",1
"WOTTON, Mathew (bbti_105842)","SPRINT, John (bbti_108120)",1
"WOTTON, Mathew (bbti_105842)","Ballard, Thomas, active 1698-1734. (72811927)",1
"WOTTON, Mathew (bbti_105842)","SARE, Richard (bbti_60899)",1
"WOTTON, Mathew (bbti_105842)","BROWN, Daniel (bbti_107361)",1
"WOTTON, Mathew (bbti_105842)","BARKER, B. (benjaminbarker_0)",1
"WOTTON, Mathew (bbti_105842)","Bonwicke, Henry (73741053)",1
"WOTTON, Mathew (bbti_105842)",A. and J. Churchill (bbti_107835),1
"WOTTON, Mathew (bbti_105842)","ROGERS, William (bbti_104038)",1
"WOTTON, Mathew (bbti_105842)","HARTLEY, John (bbti_31555)",1
"WOTTON, Mathew (bbti_105842)","HARRISON, J (bbti_31247)",1
"WOTTON, Mathew (bbti_105842)","CLEAVE, John (bbti_108083)",1
"WOTTON, Mathew (bbti_105842)","BOSVILLE, Alexander (bbti_7880)",1
"WOTTON, Mathew (bbti_105842)","BROWNE, Daniel I (bbti_10232)",1
"WOTTON, Mathew (bbti_105842)","COGGAN, Francis (bbti_14903)",1
"WOTTON, Mathew (bbti_105842)","PLACE, Edward (bbti_54789)",1
"WOTTON, Mathew (bbti_105842)","VINCENT, Robert (bbti_71765)",1
A. and J. Churchill (bbti_107835),"BELL, Andrew (bbti_5367)",1
A. and J. Churchill (bbti_107835),"TAYLOR, John (bbti_107515)",1
A. and J. Churchill (bbti_107835),"KNAPLOCK, Robert (bbti_107957)",1
A. and J. Churchill (bbti_107835),"Tooke, Benjamin (100328493)",2
A. and J. Churchill (bbti_107835),"BROWN, Daniel (bbti_107361)",1
A. and J. Churchill (bbti_107835),"Lintott, Bernard (34509981)",1
A. and J. Churchill (bbti_107835),"Tonson, Jacob (330654)",1
A. and J. Churchill (bbti_107835),"LEWIS, William (bbti_42637)",1
A. and J. Churchill (bbti_107835),"HORNE, Thomas (bbti_35104)",1
A. and J. Churchill (bbti_107835),"Wellington, R. (46660218)",1
A. and J. Churchill (bbti_107835),"Chiswell, Richard (24655896)",1
A. and J. Churchill (bbti_107835),"CLAVELL, Roger (bbti_14312)",2
A. and J. Churchill (bbti_107835),"ROBINSON, Joseph (bbti_113639)",2
A. and J. Churchill (bbti_107835),"SCOTT, Robert (bbti_105534)",1
A. and J. Churchill (bbti_107835),"Lowndes, Samuel (2698233)",1
A. and J. Churchill (bbti_107835),"ROGERS, William (bbti_104038)",1
A. and J. Churchill (bbti_107835),"HARTLEY, John (bbti_31555)",1
A. and J. Churchill (bbti_107835),"HARRISON, J (bbti_31247)",1
A. and J. Churchill (bbti_107835),"FREEMAN, William (bbti_105242)",1
A. and J. Churchill (bbti_107835),"CLEAVE, John (bbti_108083)",1
A. and J. Churchill (bbti_107835),"BOSVILLE, Alexander (bbti_7880)",1
A. and J. Churchill (bbti_107835),"BROWNE, Daniel I (bbti_10232)",1
A. and J. Churchill (bbti_107835),"COGGAN, Francis (bbti_14903)",1
A. and J. Churchill (bbti_107835),"PLACE, Edward (bbti_54789)",1
A. and J. Churchill (bbti_107835),"VINCENT, Robert (bbti_71765)",1
A. and J. Churchill (bbti_107835),"Bowyer, W. (46815338)",1
A. and J. Churchill (bbti_107835),"SARE, Richard (bbti_60899)",1
A. and J. Churchill (bbti_107835),"Place, J. (54032983)",1
A. and J. Churchill (bbti_107835),"BATTERSBY, Winstanley (bbti_109409)",1
A. and J. Churchill (bbti_107835),"WARREN, Thomas (bbti_73278)",1
A. and J. Churchill (bbti_107835),"LOWNDES, A. (alowndes_0)",1
A. and J. Churchill (bbti_107835),"BRADYLL, Thomas (bbti_107764)",1
A. and J. Churchill (bbti_107835),"SMITH, Sam (bbti_64396)",1
A. and J. Churchill (bbti_107835),"WALFORD, Benjamin (bbti_107857)",1
A. and J. Churchill (bbti_107835),"TAYLOR, Randolph (bbti_68227)",1
"BODDINGTON, Nicholas (bbti_107904)","Dawks, J. (63599288)",2
"BODDINGTON, Nicholas (bbti_107904)","Boddington, Nicholas, active 1687-1717, (51636516)",1
"BODDINGTON, Nicholas (bbti_107904)","WILDE, John (bbti_108712)",1
Company of Stationers (122574378),"RICHARDSON, William (bbti_58050)",2
Company of Stationers (122574378),"PRATT, William (bbti_55668)",1
Company of Stationers (122574378),"Roberts, Robert (41745564)",3
Company of Stationers (122574378),"Griffin, B. (4815474)",1
Company of Stationers (122574378),"WILDE, John (bbti_108712)",7
Company of Stationers (122574378),"Richardson, Samuel, 1689-1761. (41845728)",1
Company of Stationers (122574378),"ILIVE, Thomas (bbti_108069)",2
Company of Stationers (122574378),"EVERINGHAM, Elinor Mrs (bbti_23234)",3
Company of Stationers (122574378),"Bowyer, W. (46815338)",1
Company of Stationers (122574378),"Barber, John (NV2330)",1
Company of Stationers (122574378),"HORTON, William (bbti_35206)",2
Company of Stationers (122574378),"Dawks, J. (63599288)",1
Company of Stationers (122574378),"James, Thomas (63893036)",2
Company of Stationers (122574378),"Croom, George (54065151)",1
Company of Stationers (122574378),"Janeway, Richard (77742949)",2
Company of Stationers (122574378),"WILMER, T (bbti_76702)",1
Company of Stationers (122574378),"Hodgkin, Thomas (78683735)",1
Company of Stationers (122574378),"WILMER, Thomas (bbti_76704)",1
Company of Stationers (122574378),"Playford, Henry (42680649)",1
"Newcomb, Thomas (12361109)","HILL, Charles (bbti_33457)",1
"Newcomb, Thomas (12361109)","DECEAS'D, Henry (henryhillsdeceasd_0)",4
"JACKSON, J (bbti_37044)","Jackson, J. (293099339)",1
"Watson, James (54200258)","VALLANGE, John (johnvallange_0)",1
"Watson, James (54200258)","WARDLAW, James (jameswardlaw_0)",1
"Sanger, E. (22039166)","Collins, Arthur, 1682?-1760. (5995757)",1
"Sanger, E. (22039166)","Baker, J. (33425968)",2
"Sanger, E. (22039166)","Cliff, N. (9729889)",1
"Sanger, E. (22039166)","Taylor, W. (1565494)",2
"Sanger, E. (22039166)","Midwinter, Daniel, active 1698-1725, (99687181)",1
"Sanger, E. (22039166)","Round, J. (34044423)",1
"Sanger, E. (22039166)","Knapton, J. (76192869)",1
"Sanger, E. (22039166)","Bell, Andrew, -1720?, (210259891)",1
"Sanger, E. (22039166)","BROWN, Daniel (bbti_107361)",1
"Sanger, E. (22039166)","SAWBRIDGE, George II (bbti_61088)",1
"Sanger, E. (22039166)","BRISCOE, Samuel (bbti_9201)",1
"Sanger, E. (22039166)","Clements, Henry (44350961)",1
"Sanger, E. (22039166)","PARKER, Richard (bbti_52439)",1
"Sanger, E. (22039166)","Tonson, Jacob (330654)",4
"Sanger, E. (22039166)",J. and P. Knapton (150016994),4
"Sanger, E. (22039166)","Curll, E. (73995150)",2
"Sanger, E. (22039166)","PEMBERTON, John (bbti_53584)",1
"Sanger, E. (22039166)","Strahan, G. (71442890)",3
"Sanger, E. (22039166)","Lintott, Bernard (34509981)",1
"Sanger, E. (22039166)","BELL, Andrew (bbti_5367)",1
"Sanger, E. (22039166)","Darby, John (311335919)",1
"Sanger, E. (22039166)","CHANTRY, John (bbti_13063)",1
"Conyers, G. (21998777)","SPRINT, John (bbti_108120)",5
"Conyers, G. (21998777)","Ballard, Thomas, active 1698-1734. (72811927)",2
"Conyers, G. (21998777)","BROWNE, Daniel II (bbti_10233)",1
"Conyers, G. (21998777)","Nicholson, J. (19553220)",1
"Conyers, G. (21998777)","Chiswell, Richard (24655896)",2
"Conyers, G. (21998777)","Dawks, J. (63599288)",1
"Conyers, G. (21998777)","WOTTON, Matthew (bbti_78165)",2
"Conyers, G. (21998777)","RECOMMENDED, R. (rcrecommended_0)",1
"Conyers, G. (21998777)",Latin and Greek (latinandgreek_0),1
"Conyers, G. (21998777)","ENGLISH, vocabulary (vocabularyenglish_0)",1
"Conyers, G. (21998777)","Knapton, Paul (NV37384)",1
"Conyers, G. (21998777)","Onley, W. (29080720)",2
"Conyers, G. (21998777)","HARRIS, Elizabeth (bbti_31005)",1
"Collins, Arthur, 1682?-1760. (5995757)","Baker, J. (33425968)",1
"Collins, Arthur, 1682?-1760. (5995757)","Cliff, N. (9729889)",1
"Collins, Arthur, 1682?-1760. (5995757)","Taylor, W. (1565494)",1
"Collins, Arthur, 1682?-1760. (5995757)","Midwinter, Daniel, active 1698-1725, (99687181)",1
"Collins, Arthur, 1682?-1760. (5995757)","Round, J. (34044423)",1
"Collins, Arthur, 1682?-1760. (5995757)","Knapton, J. (76192869)",1
"Collins, Arthur, 1682?-1760. (5995757)","Bell, Andrew, -1720?, (210259891)",1
"Collins, Arthur, 1682?-1760. (5995757)","BUTLER, Samuel (bbti_11535)",1
"Collins, Arthur, 1682?-1760. (5995757)","MANSHIP, Samuel (bbti_104724)",1
"Collins, Arthur, 1682?-1760. (5995757)","Roper, Abel (77718116)",1
"Collins, Arthur, 1682?-1760. (5995757)","JAMES, George (bbti_106995)",1
"BUTLER, Samuel (bbti_11535)","Osborne, Thomas, -1767. (227713609)",1
"ROBERTS, John (bbti_110573)","Parkhurst, Thomas (13724886)",1
"ROBERTS, John (bbti_110573)","BOULTER, Whattoff (bbti_7972)",1
"TRACY, Ebenezer (bbti_70360)","WYAT, John (bbti_78573)",1
"Wellington, R. (46660218)","Chiswell, Richard (24655896)",3
"Wellington, R. (46660218)","SAWBRIDGE, George II (bbti_61088)",2
"Wellington, R. (46660218)","WELLS, George (bbti_114908)",2
"Wellington, R. (46660218)","CLAVELL, Roger (bbti_14312)",1
"Wellington, R. (46660218)","ROBINSON, Joseph (bbti_113639)",1
"Wellington, R. (46660218)","SCOTT, Robert (bbti_105534)",1
"Wellington, R. (46660218)","BUCK, Peter (bbti_10522)",1
"Wellington, R. (46660218)","Strahan, G. (71442890)",1
"Wellington, R. (46660218)","Lintott, Bernard (34509981)",2
"Wellington, R. (46660218)","Tonson, Jacob (121291376)",1
"Wellington, R. (46660218)","Bettesworth, A. (36768263)",1
"Wellington, R. (46660218)","RUMBALL, Edmund (bbti_135336)",1
"Wellington, R. (46660218)","BLARE, J. (josblare_0)",1
"Wale, Jeffrey, (NV32556)","Barber, John (NV2330)",1
"Wale, Jeffrey, (NV32556)","WALE, Jeffrey (bbti_72157)",1
"Wale, Jeffrey, (NV32556)","Senex, J. (13471693)",1
"Wale, Jeffrey, (NV32556)","Price, C., (106875778)",1
"Bates, C. (88457570)","Onley, W. (29080720)",5
"Downing, J. (51926513)","BURROUGH, Richard (bbti_11202)",2
"Downing, J. (51926513)","SIMPSON, Ralph (bbti_63169)",1
"Downing, J. (51926513)","HIM, him (thomashume_1)",3
"Downing, J. (51926513)","Churchey, William, -1702. (NV6016)",1
"Downing, J. (51926513)","SPEED, Thomas (bbti_65245)",2
"Downing, J. (51926513)","HAWES, William (bbti_31974)",2
"Downing, J. (51926513)","Woodward, Josiah, 1660-1712. (28169860)",2
"Downing, J. (51926513)","Baker, J. (33425968)",1
"Downing, J. (51926513)","ARCHER, Joseph (bbti_1617)",1
"Downing, J. (51926513)",German (german_0),1
"Downing, J. (51926513)","Jacob, (71827140)",1
"Downing, J. (51926513)","TAYLOR, John (bbti_107515)",1
"Downing, J. (51926513)","Lintott, Bernard (34509981)",1
"Downing, J. (51926513)","Ballard, Thomas, active 1698-1734. (72811927)",1
"Downing, J. (51926513)","ROBINSON, Joseph (bbti_113639)",1
"Downing, J. (51926513)","SMITH, Charles (bbti_63806)",1
"Downing, J. (51926513)","BARKER, Anthony (bbti_3747)",1
"Downing, J. (51926513)","WYAT, John (bbti_78573)",1
"Downing, J. (51926513)","JOHNSON, Michael (michaeljohnson_0)",1
"Downing, J. (51926513)","CLAVELL, Robert (bbti_107777)",1
"Downing, J. (51926513)","LINDSEY, William (bbti_42884)",1
"Bridge, S. (36721686)","Parkhurst, Thomas (13724886)",1
"Bridge, S. (36721686)","Eyken, Sebastian Vander. (2325404)",1
"BELL, Andrew (bbti_5367)","TAYLOR, John (bbti_107515)",1
"BELL, Andrew (bbti_5367)","KNAPLOCK, Robert (bbti_107957)",3
"BELL, Andrew (bbti_5367)","Tooke, Benjamin (100328493)",1
"BELL, Andrew (bbti_5367)","BROWN, Daniel (bbti_107361)",3
"BELL, Andrew (bbti_5367)","Lintott, Bernard (34509981)",2
"BELL, Andrew (bbti_5367)","Tonson, Jacob (330654)",1
"BELL, Andrew (bbti_5367)","LEWIS, William (bbti_42637)",1
"BELL, Andrew (bbti_5367)","HORNE, Thomas (bbti_35104)",1
"BELL, Andrew (bbti_5367)","SMITH, Ralph (bbti_64335)",1
"BELL, Andrew (bbti_5367)","Leach, D. (39337317)",1
"BELL, Andrew (bbti_5367)","Round, J. (34044423)",1
"BELL, Andrew (bbti_5367)","TAYLOR, John (bbti_68100)",1
"BELL, Andrew (bbti_5367)","Taylor, W. (1565494)",1
"BELL, Andrew (bbti_5367)","Rhodes, H. (41714688)",2
"BELL, Andrew (bbti_5367)","BAKER, John (bbti_3052)",1
"BELL, Andrew (bbti_5367)","ROGERS, William (bbti_104038)",2
"BELL, Andrew (bbti_5367)","Cockerill, Thomas (44183431)",2
"BELL, Andrew (bbti_5367)","Nicholson, J. (19553220)",1
"BELL, Andrew (bbti_5367)","Darby, John (311335919)",1
"BELL, Andrew (bbti_5367)","BARNES, John (bbti_3974)",1
"BELL, Andrew (bbti_5367)","MONTGOMERY, Hugh (bbti_48010)",1
"Walsh, John, 1665 or 1666-1736, (17489351)","WALSH, John (bbti_72718)",1
"WYAT, John (bbti_78573)","BRADYLL, Thomas (bbti_107764)",1
"WYAT, John (bbti_78573)","TAYLOR, John (bbti_68100)",1
"WYAT, John (bbti_78573)","Lawrence, John (9733233)",2
"WYAT, John (bbti_78573)","Robinson, Jonathan (19565519)",5
"WYAT, John (bbti_78573)","Leach, D. (39337317)",1
"WYAT, John (bbti_78573)","Leake, J. (34343718)",1
"WYAT, John (bbti_78573)","IRACY, Eben (ebeniracy_0)",1
"WYAT, John (bbti_78573)","RAWLINS, John (bbti_56879)",1
"WYAT, John (bbti_78573)","Parkhurst, Thomas (13724886)",1
"Aylmer, Brabazon (41690231)","BROME, Charles (bbti_9392)",4
"Aylmer, Brabazon (41690231)","ROGERS, William (bbti_104038)",1
"Aylmer, Brabazon (41690231)","Nicholson, J. (19553220)",1
"Aylmer, Brabazon (41690231)","Bonwicke, Henry (73741053)",1
"Aylmer, Brabazon (41690231)","CHAPMAN, Thomas (bbti_13173)",1
"Aylmer, Brabazon (41690231)","MONCKTON, Philip (bbti_47943)",1
"Aylmer, Brabazon (41690231)","TAYLOR, John (bbti_68100)",1
"Aylmer, Brabazon (41690231)","Lawrence, John (9733233)",1
"Aylmer, Brabazon (41690231)","Robinson, Jonathan (19565519)",1
"Aylmer, Brabazon (41690231)","Parkhurst, Thomas (13724886)",1
"Aylmer, Brabazon (41690231)","Cockerill, Thomas (44183431)",1
"Onley, W. (29080720)","BLARE, J. (josblare_0)",2
"Onley, W. (29080720)","MILBOURNE, Alexander (bbti_106885)",1
"Onley, W. (29080720)","PARKER, Peter II (bbti_52434)",1
"Onley, W. (29080720)","Bissel, J. (NV3131)",1
"Onley, W. (29080720)","MILBORN, Alexander (bbti_106884)",1
"Settle, Elkanah, 1648-1724. (2480468)","BRUDENELL, John (bbti_106112)",1
"BOWYER, Jonah (bbti_8281)","JAMES, George (bbti_106995)",1
"BOWYER, Jonah (bbti_8281)","Bettenham, J. (228701119)",1
"BOWYER, Jonah (bbti_8281)","Nicholson, J. (19553220)",1
"BOWYER, Jonah (bbti_8281)","KNAPLOCK, Robert (bbti_107957)",1
"BOWYER, Jonah (bbti_8281)","Bradford, J. (58931975)",1
"SARE, Richard (bbti_60899)","Tooke, Benjamin (100328493)",1
"SARE, Richard (bbti_60899)","BROWN, Daniel (bbti_107361)",1
"SARE, Richard (bbti_60899)","BARKER, B. (benjaminbarker_0)",1
"SARE, Richard (bbti_60899)","HARTLEY, Robert (bbti_31571)",1
"SARE, Richard (bbti_60899)","HARTLEY, John (bbti_31555)",1
"SARE, Richard (bbti_60899)","Tonson, Jacob (121291376)",1
"SARE, Richard (bbti_60899)","Tonson, Jacob (330654)",3
"SARE, Richard (bbti_60899)","Place, J. (54032983)",2
"SARE, Richard (bbti_60899)","BATTERSBY, Winstanley (bbti_109409)",1
"SARE, Richard (bbti_60899)","Keble, Samuel (61423499)",1
"SARE, Richard (bbti_60899)","WHITE, Henry (bbti_74955)",1
"SARE, Richard (bbti_60899)","SHEPEY, William (williamshepey_0)",1
"SARE, Richard (bbti_60899)","Bowyer, W. (14825513)",1
"Tracy, E. (48823380)","BURROWS, Samuel (bbti_11228)",1
"Tracy, E. (48823380)","BROWN, Daniel (bbti_107361)",1
"BATTERSBY, Robert (bbti_4729)","SIMPSON, Ralph (bbti_63169)",1
"Mallet, E. (29449922)","MATTHEWS, John (bbti_132753)",1
"Rhames, A. (31912803)","WARE, John (johnware_0)",1
"Rhames, A. (31912803)","PEPYAT, Jer. (jerpepyat_0)",1
"Curll, E. (73995150)","SMITH, Charles (bbti_63806)",1
"Curll, E. (73995150)","HALSEY, R (bbti_30079)",1
"Curll, E. (73995150)","BAKER, John (bbti_3052)",1
"Curll, E. (73995150)","PEMBERTON, John (bbti_53584)",1
"Curll, E. (73995150)","GOSLING, Robert (bbti_106365)",2
"FREEBAIRN, Mr (robertfreebairn_0)","KNOX, Mr (mrhenryknox_0)",1
"FREEBAIRN, Mr (robertfreebairn_0)","FREEBAIRN, Mr (mrdavidfreebairn_0)",1
"Roper, Abel (77718116)","TURNER, William (bbti_70987)",3
"Roper, Abel (77718116)","BASSET, Richard (bbti_4498)",5
"Roper, Abel (77718116)","COGGAN, Francis (bbti_14903)",2
"Roper, Abel (77718116)","CLEAVE, Isaac (bbti_108082)",1
"Roper, Abel (77718116)",assigns of Richard and Edward Atkins (121292554),2
"Roper, Abel (77718116)","JAMES, George (bbti_106995)",1
"Roper, Abel (77718116)","BOSVILLE, Alexander (bbti_7880)",1
"Roper, Abel (77718116)","BASSES, R. (rbasses_0)",1
"Roper, Abel (77718116)","CLAVELL, Robert (bbti_107777)",1
"H, J. (7255138)","Robinson, Jonathan (19565519)",1
"H, J. (7255138)","Mortlock, Henry (26078421)",1
"H, J. (7255138)","MORTLOCK, George (bbti_48741)",1
"BRADYLL, Thomas (bbti_107764)","TAYLOR, John (bbti_68100)",1
"BRADYLL, Thomas (bbti_107764)","SMITH, Sam (bbti_64396)",1
"BRADYLL, Thomas (bbti_107764)","WALFORD, Benjamin (bbti_107857)",1
"BRADYLL, Thomas (bbti_107764)","TAYLOR, Randolph (bbti_68227)",1
"ROGERS, William (bbti_104038)","Rhodes, H. (41714688)",1
"ROGERS, William (bbti_104038)","HARRIS, Elizabeth (bbti_31005)",1
"ROGERS, William (bbti_104038)","BARKER, B. (benjaminbarker_0)",1
"ROGERS, William (bbti_104038)","Parsons, William, 1658-1725?. (74704276)",1
"ROGERS, William (bbti_104038)","Nicholson, J. (19553220)",2
"ROGERS, William (bbti_104038)","BROME, Charles (bbti_9392)",1
"ROGERS, William (bbti_104038)","Bonwicke, Henry (73741053)",1
"ROGERS, William (bbti_104038)","CHAPMAN, Thomas (bbti_13173)",1
"ROGERS, William (bbti_104038)","MONCKTON, Philip (bbti_47943)",1
"ROGERS, William (bbti_104038)","KNAPLOCK, Robert (bbti_107957)",2
"ROGERS, William (bbti_104038)","Cockerill, Thomas (44183431)",2
"ROGERS, William (bbti_104038)","Tooke, Benjamin (100328493)",3
"ROGERS, William (bbti_104038)","HARTLEY, John (bbti_31555)",1
"ROGERS, William (bbti_104038)","HARRISON, J (bbti_31247)",1
"ROGERS, William (bbti_104038)","FREEMAN, William (bbti_105242)",1
"ROGERS, William (bbti_104038)","CLEAVE, John (bbti_108083)",1
"ROGERS, William (bbti_104038)","BOSVILLE, Alexander (bbti_7880)",1
"ROGERS, William (bbti_104038)","BROWNE, Daniel I (bbti_10232)",1
"ROGERS, William (bbti_104038)","COGGAN, Francis (bbti_14903)",1
"ROGERS, William (bbti_104038)","PLACE, Edward (bbti_54789)",1
"ROGERS, William (bbti_104038)","VINCENT, Robert (bbti_71765)",1
"ROGERS, William (bbti_104038)","Kettilby, Walter (36782743)",1
"Barber, John (NV2330)","WALE, Jeffrey (bbti_72157)",2
"Barber, John (NV2330)","Senex, J. (13471693)",2
"Barber, John (NV2330)","Price, C., (106875778)",1
"Barber, John (NV2330)","Taylor, W. (1565494)",1
"Barber, John (NV2330)","HOLLAND, James (bbti_108660)",2
"Barber, John (NV2330)","SMITH, Sam (bbti_64396)",1
"Barber, John (NV2330)","WALFORD, Benjamin (bbti_107857)",1
"TAYLOR, John (bbti_107515)","KNAPLOCK, Robert (bbti_107957)",1
"TAYLOR, John (bbti_107515)","Tooke, Benjamin (100328493)",1
"TAYLOR, John (bbti_107515)","BROWN, Daniel (bbti_107361)",2
"TAYLOR, John (bbti_107515)","Lintott, Bernard (34509981)",2
"TAYLOR, John (bbti_107515)","Tonson, Jacob (330654)",1
"TAYLOR, John (bbti_107515)","LEWIS, William (bbti_42637)",1
"TAYLOR, John (bbti_107515)","HORNE, Thomas (bbti_35104)",1
"TAYLOR, John (bbti_107515)","Strahan, G. (71442890)",1
"TAYLOR, John (bbti_107515)","SAFYER, Edward (bbti_109518)",1
"TAYLOR, John (bbti_107515)","Clements, Henry (44350961)",1
"TAYLOR, John (bbti_107515)","SPRINT, John (bbti_108120)",1
"TAYLOR, John (bbti_107515)","Bettesworth, A. (36768263)",1
"TAYLOR, John (bbti_107515)","BARNES, John (bbti_3974)",1
"TAYLOR, John (bbti_107515)","MOUNT, J (bbti_48910)",1
"TAYLOR, John (bbti_107515)","BROWNE, Jonah (Jonas) (bbti_10273)",1
"TAYLOR, John (bbti_107515)","GUY, Thomas (bbti_29496)",1
"TAYLOR, John (bbti_107515)","GOUGE, John (bbti_28011)",1
"TAYLOR, John (bbti_107515)","Brightland, John (42226579)",1
"TAYLOR, John (bbti_107515)","Ballard, Thomas, active 1698-1734. (72811927)",1
"TAYLOR, John (bbti_107515)","ROBINSON, Joseph (bbti_113639)",1
"TAYLOR, John (bbti_107515)","Motte, B. (311426459)",1
"BURROUGH, Richard (bbti_11202)","Baker, J. (33425968)",5
"Strahan, G. (71442890)","SAFYER, Edward (bbti_109518)",1
"Strahan, G. (71442890)","Clements, Henry (44350961)",1
"Strahan, G. (71442890)","SPRINT, John (bbti_108120)",1
"Strahan, G. (71442890)","Bettesworth, A. (36768263)",1
"Strahan, G. (71442890)","BARNES, John (bbti_3974)",1
"Strahan, G. (71442890)","MOUNT, J (bbti_48910)",1
"Strahan, G. (71442890)","BROWNE, Jonah (Jonas) (bbti_10273)",1
"Strahan, G. (71442890)","GUY, Thomas (bbti_29496)",1
"Strahan, G. (71442890)","GOUGE, John (bbti_28011)",1
"Strahan, G. (71442890)","Brightland, John (42226579)",1
"Strahan, G. (71442890)","Tooke, Benjamin (100328493)",2
"Strahan, G. (71442890)","BROWN, Daniel (bbti_107361)",1
"Strahan, G. (71442890)","CLAVELL, Robert (bbti_107777)",1
"Strahan, G. (71442890)","Croom, George (54065151)",1
"Strahan, G. (71442890)","Tonson, Jacob (330654)",4
"Strahan, G. (71442890)",J. and P. Knapton (150016994),4
"Strahan, G. (71442890)","WOODWARD, James (bbti_77895)",1
"Strahan, G. (71442890)","BAKER, John (bbti_3052)",1
"Strahan, G. (71442890)","Lintott, Bernard (34509981)",1
"Strahan, G. (71442890)","Tonson, Jacob (121291376)",1
"Strahan, G. (71442890)","Bowyer, W. (46815338)",1
"Strahan, G. (71442890)","DAVIS, William (bbti_19047)",1
"SIMPSON, Ralph (bbti_63169)","HIM, him (thomashume_1)",1
"SIMPSON, Ralph (bbti_63169)","NEWMAN, Hugh (bbti_50050)",1
"SIMPSON, Ralph (bbti_63169)","Parkhurst, Thomas (13724886)",1
"SIMPSON, Ralph (bbti_63169)","BASSET, Richard (bbti_4498)",1
"SIMPSON, Ralph (bbti_63169)","Browne, Simon, 1680-1732. (21111023)",1
"SIMPSON, Ralph (bbti_63169)","BRUGIS, Richard (bbti_10389)",1
"TAYLOR, John (bbti_68100)","Taylor, W. (1565494)",1
"TAYLOR, John (bbti_68100)","Lawrence, John (9733233)",1
"TAYLOR, John (bbti_68100)","Robinson, Jonathan (19565519)",1
"TAYLOR, John (bbti_68100)","Parkhurst, Thomas (13724886)",1
"TAYLOR, John (bbti_68100)","Cockerill, Thomas (44183431)",1
"TAYLOR, John (bbti_68100)","Tooke, Benjamin (100328493)",1
"TAYLOR, John (bbti_68100)","BROME, Charles (bbti_9392)",1
"TAYLOR, John (bbti_68100)","Rhodes, H. (41714688)",1
"TAYLOR, John (bbti_68100)","Keble, Samuel (61423499)",1
"TAYLOR, John (bbti_68100)","WILKINS, Richard (bbti_106392)",1
"TAYLOR, John (bbti_68100)","Loveling, Benjamin, 1672 or 1673-1727. (12184804)",1
"TAYLOR, John (bbti_68100)","BROOM, Charles (bbti_9682)",1
"Rhodes, H. (41714688)","HARRIS, Elizabeth (bbti_31005)",1
"Rhodes, H. (41714688)","BARKER, B. (benjaminbarker_0)",1
"Rhodes, H. (41714688)","Parsons, William, 1658-1725?. (74704276)",1
"Rhodes, H. (41714688)","Nicholson, J. (19553220)",1
"Rhodes, H. (41714688)","PHILLIPS, Joshua (bbti_106195)",1
"BROWNE, Daniel II (bbti_10233)","SPRINT, John (bbti_108120)",1
"BROWNE, Daniel II (bbti_10233)","TURNER, William (bbti_70987)",1
"BROWNE, Daniel II (bbti_10233)","BROWN, Thomas (bbti_10098)",1
"Bradford, J. (58931975)","SMITH, Ralph (bbti_64335)",1
"SHELMERDINE, Thomas (bbti_62383)","Cliff, N. (9729889)",1
"SHELMERDINE, Thomas (bbti_62383)","ARCHER, Joseph (bbti_1617)",1
"SHELMERDINE, Thomas (bbti_62383)","STOKOE, Luke (bbti_66593)",1
"SHELMERDINE, Thomas (bbti_62383)","NEWTON, William (bbti_50174)",1
"Lawrence, John (9733233)","Tookey, R. (NV31397)",4
"Lawrence, John (9733233)","Parkhurst, Thomas (13724886)",3
"Lawrence, John (9733233)","Lawson, Deodat. (7732747)",1
"Lawrence, John (9733233)","Robinson, Jonathan (19565519)",4
"Lawrence, John (9733233)","Humfreys, J. (24489154)",3
"Lawrence, John (9733233)","Cockerill, Thomas (44183431)",2
"Lawrence, John (9733233)","Roberts, Robert (41745564)",1
"Nicholson, J. (19553220)","Tooke, Benjamin (100328493)",6
"Nicholson, J. (19553220)","SMITH, Ralph (bbti_64335)",3
"Nicholson, J. (19553220)","MANSHIP, Samuel (bbti_104724)",3
"Nicholson, J. (19553220)","PARKER, Richard (bbti_52439)",4
"Nicholson, J. (19553220)","BONWICKE, Rebecca (bbti_7688)",3
"Nicholson, J. (19553220)","FREEMAN, William (bbti_105242)",4
"Nicholson, J. (19553220)","Chiswell, Richard (24655896)",1
"Nicholson, J. (19553220)","Dawks, J. (63599288)",1
"Nicholson, J. (19553220)","SPRINT, John (bbti_108120)",2
"Nicholson, J. (19553220)","Ballard, Thomas, active 1698-1734. (72811927)",1
"Nicholson, J. (19553220)","Bowyer, W. (46815338)",1
"Nicholson, J. (19553220)","KEBLE, Samuel (bbti_106556)",1
"Nicholson, J. (19553220)","GRIFFIN, C (bbti_28989)",1
"Nicholson, J. (19553220)","BROME, Charles (bbti_9392)",2
"Nicholson, J. (19553220)","LEIGH, T. (thomasleigh_0)",1
"Nicholson, J. (19553220)","Bonwicke, Henry (73741053)",1
"Nicholson, J. (19553220)","CHAPMAN, Thomas (bbti_13173)",1
"Nicholson, J. (19553220)","MONCKTON, Philip (bbti_47943)",1
"Nicholson, J. (19553220)","SPRINT, Samuel (bbti_65515)",1
"Nicholson, J. (19553220)","Blome, Richard, -1705. (90716242)",1
"Nicholson, J. (19553220)","Taylor, W. (1565494)",1
"Nicholson, J. (19553220)","Clements, Henry (44350961)",1
"Nicholson, J. (19553220)","KNAPLOCK, Robert (bbti_107957)",2
"Nicholson, J. (19553220)","Parkhurst, Thomas (13724886)",1
"BRUGIS, Richard (bbti_10389)","Hauksbee, Francis, 1666-1713. (51774140)",1
"CLARK, John (bbti_13923)","ARMSTRONG, A. (aarmstrong_0)",1
"CLARK, John (bbti_13923)","Clark, M. (122059304)",2
"CLARK, John (bbti_13923)","ARMSTRONG, Thomas (bbti_1745)",1
"WOTTON, Matthew (bbti_78165)","Chiswell, Richard (24655896)",1
"WOTTON, Matthew (bbti_78165)","Tooke, Benjamin (100328493)",1
"WOTTON, Matthew (bbti_78165)","MANSHIP, Samuel (bbti_104724)",1
"WOTTON, Matthew (bbti_78165)","Bonwicke, Henry (73741053)",1
"Tookey, R. (NV31397)","Parkhurst, Thomas (13724886)",2
"Tookey, R. (NV31397)","Lawson, Deodat. (7732747)",1
"Tookey, R. (NV31397)",N. and P. Hillier (nandphillier_0),1
"Tookey, R. (NV31397)","Marshall, William (51561432)",1
"Tookey, R. (NV31397)","Malthus, S. (290882611)",1
"BULLOCK, Thomas (bbti_10810)","Liddell, George. (22013970)",1
"HALSEY, R (bbti_30079)","BAKER, John (bbti_3052)",1
"RUMBALL, Edmund (bbti_135336)","BARNES, John (bbti_3974)",1
"RUMBALL, Edmund (bbti_135336)","Wellington, Richard, active 1693-1709, (NV33083)",1
"RUMBALL, Edmund (bbti_135336)","Rumball, E., (NV27073)",1
"MORDEN, Robert (bbti_48285)","FABIAN, M. (maryfabian_0)",1
"MORDEN, Robert (bbti_48285)","Smith, R. (66368711)",1
"MORDEN, Robert (bbti_48285)","Cockerill, Thomas (44183431)",1
"SMITH, Sam (bbti_64396)","WALFORD, Benjamin (bbti_107857)",5
"SMITH, Sam (bbti_64396)","MANSHIP, Samuel (bbti_104724)",1
"SMITH, Sam (bbti_64396)","TAYLOR, Randolph (bbti_68227)",1
"KNAPLOCK, Robert (bbti_107957)","Tooke, Benjamin (100328493)",1
"KNAPLOCK, Robert (bbti_107957)","BROWN, Daniel (bbti_107361)",1
"KNAPLOCK, Robert (bbti_107957)","Lintott, Bernard (34509981)",2
"KNAPLOCK, Robert (bbti_107957)","Tonson, Jacob (330654)",2
"KNAPLOCK, Robert (bbti_107957)","LEWIS, William (bbti_42637)",1
"KNAPLOCK, Robert (bbti_107957)","HORNE, Thomas (bbti_35104)",1
"KNAPLOCK, Robert (bbti_107957)","CLAVELL, Robert (bbti_107777)",1
"KNAPLOCK, Robert (bbti_107957)","Cockerill, Thomas (44183431)",2
"KNAPLOCK, Robert (bbti_107957)","MATTHEWS, John (bbti_132753)",1
"KNAPLOCK, Robert (bbti_107957)","WILKIN, Richard (bbti_75857)",2
"KNAPLOCK, Robert (bbti_107957)","LEIGH, T. (thomasleigh_0)",1
"KNAPLOCK, Robert (bbti_107957)","SMITH, Ralph (bbti_64335)",1
"KNAPLOCK, Robert (bbti_107957)","SPRINT, John (bbti_108120)",1
"KNAPLOCK, Robert (bbti_107957)","Round, J. (34044423)",1
"Tooke, Benjamin (100328493)","BROWN, Daniel (bbti_107361)",3
"Tooke, Benjamin (100328493)","Lintott, Bernard (34509981)",1
"Tooke, Benjamin (100328493)","Tonson, Jacob (330654)",1
"Tooke, Benjamin (100328493)","LEWIS, William (bbti_42637)",1
"Tooke, Benjamin (100328493)","HORNE, Thomas (bbti_35104)",1
"Tooke, Benjamin (100328493)","SMITH, Ralph (bbti_64335)",3
"Tooke, Benjamin (100328493)","MANSHIP, Samuel (bbti_104724)",5
"Tooke, Benjamin (100328493)","PARKER, Richard (bbti_52439)",4
"Tooke, Benjamin (100328493)","BONWICKE, Rebecca (bbti_7688)",3
"Tooke, Benjamin (100328493)","FREEMAN, William (bbti_105242)",4
"Tooke, Benjamin (100328493)","Bowyer, W. (46815338)",1
"Tooke, Benjamin (100328493)","KEBLE, Samuel (bbti_106556)",1
"Tooke, Benjamin (100328493)","GRIFFIN, C (bbti_28989)",1
"Tooke, Benjamin (100328493)","BROME, Charles (bbti_9392)",2
"Tooke, Benjamin (100328493)","LEIGH, T. (thomasleigh_0)",1
"Tooke, Benjamin (100328493)","BARKER, B. (benjaminbarker_0)",2
"Tooke, Benjamin (100328493)","Bonwicke, Henry (73741053)",2
"Tooke, Benjamin (100328493)","HARTLEY, John (bbti_31555)",1
"Tooke, Benjamin (100328493)","HARRISON, J (bbti_31247)",1
"Tooke, Benjamin (100328493)","CLEAVE, John (bbti_108083)",1
"Tooke, Benjamin (100328493)","BOSVILLE, Alexander (bbti_7880)",1
"Tooke, Benjamin (100328493)","BROWNE, Daniel I (bbti_10232)",1
"Tooke, Benjamin (100328493)","COGGAN, Francis (bbti_14903)",1
"Tooke, Benjamin (100328493)","PLACE, Edward (bbti_54789)",1
"Tooke, Benjamin (100328493)","VINCENT, Robert (bbti_71765)",1
"Tooke, Benjamin (100328493)","Taylor, W. (1565494)",1
"Tooke, Benjamin (100328493)","Clements, Henry (44350961)",1
"Tooke, Benjamin (100328493)","King, C. (7257114)",1
"Tooke, Benjamin (100328493)","Smith, R. (66368711)",1
"Tooke, Benjamin (100328493)","Nutt, John, active 1691-1716, (NV23177)",1
"Baker, J. (33425968)","Cliff, N. (9729889)",1
"Baker, J. (33425968)","Taylor, W. (1565494)",1
"Baker, J. (33425968)","Midwinter, Daniel, active 1698-1725, (99687181)",1
"Baker, J. (33425968)","Round, J. (34044423)",1
"Baker, J. (33425968)","Knapton, J. (76192869)",1
"Baker, J. (33425968)","Bell, Andrew, -1720?, (210259891)",1
"Baker, J. (33425968)","BROWN, Daniel (bbti_107361)",1
"Baker, J. (33425968)","SAWBRIDGE, George II (bbti_61088)",1
"Baker, J. (33425968)","BRISCOE, Samuel (bbti_9201)",1
"Baker, J. (33425968)","ARCHER, Joseph (bbti_1617)",1
"Baker, J. (33425968)","WOODWARD, John (bbti_110417)",1
"Baker, J. (33425968)","BOROUGHS, R (bbti_7840)",1
"Baker, J. (33425968)","Dod, H. (1475233)",1
"Baker, J. (33425968)","Marshall, William (51561432)",1
"Baker, J. (33425968)","MARSHALL, John (bbti_45404)",1
"Meere, H. (65560351)","WOODWARD, James (bbti_77895)",1
"Meere, H. (65560351)","MEERES, Hugh (bbti_46680)",1
"Chiswell, Richard (24655896)","SAWBRIDGE, George II (bbti_61088)",2
"Chiswell, Richard (24655896)","WELLS, George (bbti_114908)",2
"Chiswell, Richard (24655896)","Dawks, J. (63599288)",1
"Chiswell, Richard (24655896)","SPRINT, John (bbti_108120)",1
"Chiswell, Richard (24655896)","Ballard, Thomas, active 1698-1734. (72811927)",1
"Chiswell, Richard (24655896)","CLAVELL, Roger (bbti_14312)",1
"Chiswell, Richard (24655896)","ROBINSON, Joseph (bbti_113639)",1
"Chiswell, Richard (24655896)","SCOTT, Robert (bbti_105534)",1
"Chiswell, Richard (24655896)","Pero, John (46636290)",1
"Chiswell, Richard (24655896)","Barker, Ralph, 1648-1708, (43242771)",2
"Sowle, T. (12182874)",T. S. (NV38450),1
"KNAPTON, James (bbti_40501)","TURNER, William (bbti_70987)",1
"KNAPTON, James (bbti_40501)","Bettenham, J. (228701119)",1
"KNAPTON, James (bbti_40501)",J. O. and L. B. M. and A. W (joandlbmandaw_0),1
"WOODWARD, James (bbti_77895)","BAKER, John (bbti_3052)",1
"Robinson, Jonathan (19565519)","Parkhurst, Thomas (13724886)",4
"Robinson, Jonathan (19565519)","Leach, D. (39337317)",1
"Robinson, Jonathan (19565519)","Mortlock, Henry (26078421)",1
"Robinson, Jonathan (19565519)","ILIVE, Thomas (bbti_108069)",1
"Robinson, Jonathan (19565519)","Cockerill, Thomas (44183431)",1
"SMITH, Ralph (bbti_64335)","MANSHIP, Samuel (bbti_104724)",3
"SMITH, Ralph (bbti_64335)","PARKER, Richard (bbti_52439)",3
"SMITH, Ralph (bbti_64335)","BONWICKE, Rebecca (bbti_7688)",3
"SMITH, Ralph (bbti_64335)","FREEMAN, William (bbti_105242)",3
"SMITH, Ralph (bbti_64335)","Leach, D. (39337317)",1
"SMITH, Ralph (bbti_64335)","Round, J. (34044423)",2
"SMITH, Ralph (bbti_64335)","Lintott, Bernard (34509981)",1
"SMITH, Ralph (bbti_64335)","SPRINT, John (bbti_108120)",1
"TURNER, William (bbti_70987)","BASSET, Richard (bbti_4498)",3
"TURNER, William (bbti_70987)","CHANTRY, John (bbti_13063)",2
"TURNER, William (bbti_70987)",assigns of Richard and Edward Atkins (121292554),1
"MANSHIP, Samuel (bbti_104724)","PARKER, Richard (bbti_52439)",3
"MANSHIP, Samuel (bbti_104724)","BONWICKE, Rebecca (bbti_7688)",3
"MANSHIP, Samuel (bbti_104724)","FREEMAN, William (bbti_105242)",3
"MANSHIP, Samuel (bbti_104724)","Bonwicke, Henry (73741053)",2
"MANSHIP, Samuel (bbti_104724)","WALFORD, Benjamin (bbti_107857)",1
"MATTHEWS, John (bbti_132753)","HELDER, Thomas (bbti_32731)",1
"Cliff, N. (9729889)","Taylor, W. (1565494)",1
"Cliff, N. (9729889)","Midwinter, Daniel, active 1698-1725, (99687181)",1
"Cliff, N. (9729889)","Round, J. (34044423)",1
"Cliff, N. (9729889)","Knapton, J. (76192869)",1
"Cliff, N. (9729889)","Bell, Andrew, -1720?, (210259891)",1
"Cliff, N. (9729889)","ARCHER, Joseph (bbti_1617)",1
"Cliff, N. (9729889)","STOKOE, Luke (bbti_66593)",1
"Cliff, N. (9729889)","NEWTON, William (bbti_50174)",1
"Cliff, N. (9729889)","PENN, Joseph (bbti_53643)",1
"Bowyer, W. (46815338)","KEBLE, Samuel (bbti_106556)",1
"Bowyer, W. (46815338)","GRIFFIN, C (bbti_28989)",1
"Bowyer, W. (46815338)","Clements, Henry (44350961)",1
"Bowyer, W. (46815338)","MEREDITH, John (bbti_46854)",1
"Bowyer, W. (46815338)","CHAPMAN, Thomas (bbti_13173)",1
"BROWN, Daniel (bbti_107361)","Lintott, Bernard (34509981)",1
"BROWN, Daniel (bbti_107361)","Tonson, Jacob (330654)",1
"BROWN, Daniel (bbti_107361)","LEWIS, William (bbti_42637)",1
"BROWN, Daniel (bbti_107361)","HORNE, Thomas (bbti_35104)",1
"BROWN, Daniel (bbti_107361)","BARKER, B. (benjaminbarker_0)",1
"BROWN, Daniel (bbti_107361)","BAKER, John (bbti_3052)",1
"BROWN, Daniel (bbti_107361)","SAWBRIDGE, George II (bbti_61088)",1
"BROWN, Daniel (bbti_107361)","BRISCOE, Samuel (bbti_9201)",1
"BROWN, Daniel (bbti_107361)","King, C. (7257114)",1
"BROWN, Daniel (bbti_107361)","CLARK, Samuel (bbti_13971)",1
"BROWN, Daniel (bbti_107361)","Castle, Edward (41737022)",1
"MOORE, Thomas (bbti_48210)","HARTLEY, John (bbti_31555)",1
"Read, J. (7287161)","WIGHT, F. (fwight_0)",1
"VALLANGE, Joannem (joannemvallange_0)","Mosman, George (68826401)",1
"VALLANGE, Joannem (joannemvallange_0)","MONCUR, Joannes (joannesmoncur_0)",1
"WARREN, Thomas (bbti_73278)","WILKIN, Richard (bbti_75857)",2
"WARREN, Thomas (bbti_73278)","CLAVELL, Roger (bbti_14312)",1
"WARREN, Thomas (bbti_73278)","ROBINSON, Joseph (bbti_113639)",1
"SAFYER, Edward (bbti_109518)","Clements, Henry (44350961)",1
"SAFYER, Edward (bbti_109518)","SPRINT, John (bbti_108120)",1
"SAFYER, Edward (bbti_109518)","Bettesworth, A. (36768263)",1
"SAFYER, Edward (bbti_109518)","BARNES, John (bbti_3974)",1
"SAFYER, Edward (bbti_109518)","MOUNT, J (bbti_48910)",1
"SAFYER, Edward (bbti_109518)","BROWNE, Jonah (Jonas) (bbti_10273)",1
"SAFYER, Edward (bbti_109518)","GUY, Thomas (bbti_29496)",1
"SAFYER, Edward (bbti_109518)","GOUGE, John (bbti_28011)",1
"SAFYER, Edward (bbti_109518)","Brightland, John (42226579)",1
"RICHARDSON, William (bbti_58050)","TRACEY, Ebenezer (bbti_108820)",1
"NEWMAN, Hugh (bbti_50050)","Parkhurst, Thomas (13724886)",1
"NEWMAN, Hugh (bbti_50050)","KEBLE, William (bbti_39462)",1
"NEWMAN, Hugh (bbti_50050)","WALSH, John (bbti_72718)",1
"NEWMAN, Hugh (bbti_50050)","Round, J. (34044423)",1
"NEWMAN, Hugh (bbti_50050)","PUREEL, Mr (mrdpureel_0)",1
"NEWMAN, Hugh (bbti_50050)","GRIFFIN, Bennet (bbti_105722)",1
"SAWBRIDGE, George II (bbti_61088)","WELLS, George (bbti_114908)",2
"SAWBRIDGE, George II (bbti_61088)","BRISCOE, Samuel (bbti_9201)",1
"SAWBRIDGE, George II (bbti_61088)","ATKINS, Maurice (bbti_2178)",1
"SAWBRIDGE, George II (bbti_61088)","Sawbridge, George, active 1692-1711, (43885988)",1
"Lintott, Bernard (34509981)","Tonson, Jacob (330654)",1
"Lintott, Bernard (34509981)","LEWIS, William (bbti_42637)",1
"Lintott, Bernard (34509981)","HORNE, Thomas (bbti_35104)",1
"Lintott, Bernard (34509981)","Clements, Henry (44350961)",1
"Lintott, Bernard (34509981)","Ballard, Thomas, active 1698-1734. (72811927)",1
"Lintott, Bernard (34509981)","ROBINSON, Joseph (bbti_113639)",1
"Lintott, Bernard (34509981)","Tonson, Jacob (121291376)",1
"Lintott, Bernard (34509981)","Bettesworth, A. (36768263)",1
"Lintott, Bernard (34509981)","SPRINT, John (bbti_108120)",1
"Lintott, Bernard (34509981)","Round, J. (34044423)",1
"Lintott, Bernard (34509981)","BARNES, John (bbti_3974)",1
"BROWNE, Christopher (bbti_10228)","Norris, Thomas (29437883)",3
"WILKIN, Richard (bbti_75857)","Kettilby, Walter (36782743)",2
"WILKIN, Richard (bbti_75857)","Leake, J. (34343718)",1
"WILKIN, Richard (bbti_75857)","POWELL, Elizabeth (bbti_55498)",1
"WILKIN, Richard (bbti_75857)","LEIGH, T. (thomasleigh_0)",1
"PEMBERTON, John (bbti_53584)","Tonson, Jacob (330654)",3
"PEMBERTON, John (bbti_53584)","LINTOT, Joshua (bbti_42947)",3
"HARTLEY, Robert (bbti_31571)","HARTLEY, John (bbti_31555)",1
"HARTLEY, Robert (bbti_31571)","Tonson, Jacob (121291376)",1
"Taylor, W. (1565494)","Midwinter, Daniel, active 1698-1725, (99687181)",1
"Taylor, W. (1565494)","Round, J. (34044423)",1
"Taylor, W. (1565494)","Knapton, J. (76192869)",1
"Taylor, W. (1565494)","Bell, Andrew, -1720?, (210259891)",1
"Taylor, W. (1565494)","Clements, Henry (44350961)",3
"Taylor, W. (1565494)","PARKER, Richard (bbti_52439)",2
"Taylor, W. (1565494)","Tonson, Jacob (330654)",1
"Taylor, W. (1565494)",J. and P. Knapton (150016994),1
"Taylor, W. (1565494)","HOLLAND, James (bbti_108660)",1
"Taylor, W. (1565494)","King, C. (7257114)",1
"Taylor, W. (1565494)","Smith, R. (66368711)",1
"Taylor, W. (1565494)","Nutt, John, active 1691-1716, (NV23177)",1
"Taylor, W. (1565494)","BARKER, B. (benjaminbarker_0)",1
"Taylor, W. (1565494)","HILDYARD, Francis (bbti_33426)",1
"BASSET, Richard (bbti_4498)","CHANTRY, John (bbti_13063)",1
"BASSET, Richard (bbti_4498)","Browne, Simon, 1680-1732. (21111023)",1
"POWELL, Elizabeth (bbti_55498)","BAKER, Thomas (bbti_3113)",1
"Kettilby, Walter (36782743)","Leake, J. (34343718)",2
"Kettilby, Walter (36782743)","CLAVELL, Robert (bbti_107777)",1
"Clements, Henry (44350961)","SPRINT, John (bbti_108120)",1
"Clements, Henry (44350961)","Bettesworth, A. (36768263)",1
"Clements, Henry (44350961)","BARNES, John (bbti_3974)",1
"Clements, Henry (44350961)","MOUNT, J (bbti_48910)",1
"Clements, Henry (44350961)","BROWNE, Jonah (Jonas) (bbti_10273)",1
"Clements, Henry (44350961)","GUY, Thomas (bbti_29496)",1
"Clements, Henry (44350961)","GOUGE, John (bbti_28011)",1
"Clements, Henry (44350961)","Brightland, John (42226579)",1
"Clements, Henry (44350961)","PARKER, Richard (bbti_52439)",2
"Clements, Henry (44350961)","Tonson, Jacob (330654)",1
"Clements, Henry (44350961)",J. and P. Knapton (150016994),2
"Clements, Henry (44350961)","PEISLEY, Anthony (anthonypeisley_0)",1
"Clements, Henry (44350961)","King, C. (7257114)",1
"Clements, Henry (44350961)","Smith, R. (66368711)",1
"Clements, Henry (44350961)","Nutt, John, active 1691-1716, (NV23177)",1
"Clements, Henry (44350961)","BARKER, B. (benjaminbarker_0)",1
"Clements, Henry (44350961)","KEBLE, Samuel (bbti_106556)",1
"HARTLEY, John (bbti_31555)","Tonson, Jacob (121291376)",1
"HARTLEY, John (bbti_31555)","HARRISON, J (bbti_31247)",1
"HARTLEY, John (bbti_31555)","FREEMAN, William (bbti_105242)",1
"HARTLEY, John (bbti_31555)","CLEAVE, John (bbti_108083)",1
"HARTLEY, John (bbti_31555)","BOSVILLE, Alexander (bbti_7880)",1
"HARTLEY, John (bbti_31555)","BROWNE, Daniel I (bbti_10232)",1
"HARTLEY, John (bbti_31555)","COGGAN, Francis (bbti_14903)",1
"HARTLEY, John (bbti_31555)","PLACE, Edward (bbti_54789)",1
"HARTLEY, John (bbti_31555)","VINCENT, Robert (bbti_71765)",1
"SPRINT, Samuel (bbti_65515)","Blome, Richard, -1705. (90716242)",1
"CULLEN, John (bbti_17795)","YOUNG, John (bbti_78868)",1
"CULLEN, John (bbti_17795)","PEARSON, William (bbti_53370)",1
"Leach, D. (39337317)","Round, J. (34044423)",1
"Brocas, John (41726148)","MILNER, Jacob (jacobmilner_0)",1
"Brocas, John (41726148)","WARE, John (johnware_0)",1
"Marshall, William (51561432)","MARSHALL, Joseph (bbti_45421)",1
"Marshall, William (51561432)","Gailhard, J. (Jean) (69276833)",1
"Marshall, William (51561432)","MARSHALL, John (bbti_45404)",2
"Marshall, William (51561432)","Wight, Thomas, approximately 1640-1724. (295334507)",1
"Dawks, J. (63599288)","SPRINT, John (bbti_108120)",1
"Dawks, J. (63599288)","Ballard, Thomas, active 1698-1734. (72811927)",1
"Dawks, J. (63599288)","Boddington, Nicholas, active 1687-1717, (51636516)",1
"Dawks, J. (63599288)","GARRETT, John (bbti_26498)",1
"HAWES, William (bbti_31974)","Woodward, Josiah, 1660-1712. (28169860)",1
"HAWES, William (bbti_31974)","BRUDENELL, John (bbti_106112)",2
"YOUNG, John (bbti_78868)","PEARSON, William (bbti_53370)",2
"BROME, Charles (bbti_9392)","LEIGH, T. (thomasleigh_0)",1
"BROME, Charles (bbti_9392)","Bonwicke, Henry (73741053)",1
"BROME, Charles (bbti_9392)","CHAPMAN, Thomas (bbti_13173)",1
"BROME, Charles (bbti_9392)","MONCKTON, Philip (bbti_47943)",1
"BROME, Charles (bbti_9392)","CLAVELL, Robert (bbti_107777)",1
"BROME, Charles (bbti_9392)","Roycroft, Samuel (63894889)",1
"BROME, Charles (bbti_9392)","Brome, Charles, active 1687-1700, (76661281)",1
"BROME, Charles (bbti_9392)","Clavel, Robert (NV6184)",1
"BROME, Charles (bbti_9392)","Churchill, Awnsham, -1728, (100282981)",1
"Crouch, Samuel (56494757)","PARKER, Richard (bbti_52439)",1
"Crouch, Samuel (56494757)","CHANTRY, John (bbti_13063)",1
"Crouch, Samuel (56494757)","BLARE, J. (josblare_0)",1
"Buckley, S. (34509535)","Castle, Edward (41737022)",1
"JANEWAY, Richard II (bbti_37484)","DAVIS, Thomas (bbti_115534)",1
"GUNNE, Matthew (mathewgunne_0)","DOBSON, E. (eliphaldobson_0)",2
"Felibien, Andre, sieur des Avaux et de Javercy, 1619-1695. (61545569)","Redmayne, W. (61419541)",1
"PARKER, Richard (bbti_52439)",J. and P. Knapton (150016994),2
"PARKER, Richard (bbti_52439)","HARRIS, George (bbti_31021)",1
"PARKER, Richard (bbti_52439)","BONWICKE, Rebecca (bbti_7688)",3
"PARKER, Richard (bbti_52439)","FREEMAN, William (bbti_105242)",5
"PARKER, Richard (bbti_52439)","Tonson, Jacob (330654)",1
"PARKER, Richard (bbti_52439)","CHANTRY, John (bbti_13063)",1
"PARKER, Richard (bbti_52439)","King, C. (7257114)",1
"PARKER, Richard (bbti_52439)","Smith, R. (66368711)",1
"PARKER, Richard (bbti_52439)","Nutt, John, active 1691-1716, (NV23177)",1
"PARKER, Richard (bbti_52439)","BARKER, B. (benjaminbarker_0)",1
"MATTHEWS, John I (bbti_46080)","FAWCET, Francis (bbti_23760)",1
"MATTHEWS, John I (bbti_46080)","BREWSTER, Edward (bbti_106860)",1
"Tonson, Jacob (330654)","LEWIS, William (bbti_42637)",1
"Tonson, Jacob (330654)","HORNE, Thomas (bbti_35104)",1
"Tonson, Jacob (330654)","LINTOT, Joshua (bbti_42947)",3
"Tonson, Jacob (330654)",J. and P. Knapton (150016994),5
"Tonson, Jacob (330654)","AWNSHAM, --- (bbti_2465)",1
"Tonson, Jacob (330654)","CHURCHILL, John (bbti_13749)",1
"Tonson, Jacob (330654)","DAVIS, William (bbti_19047)",1
"Bonwicke, Henry (73741053)","CHAPMAN, Thomas (bbti_13173)",1
"Bonwicke, Henry (73741053)","MONCKTON, Philip (bbti_47943)",1
"BILL, Charles (charlesbill_3)","Gunne, M. (36818337)",1
"FIELD, T. (tfield_1)","STRAHAN, W. (wstrahan_2)",1
"FIELD, T. (tfield_1)","FULLER, J. (jfuller_3)",1
"FIELD, T. (tfield_1)","HAWES, L. (lhawes_2)",1
"FIELD, T. (tfield_1)","CLARK, Mr (mrwarrenclark_0)",1
"FIELD, T. (tfield_1)",J. F. and C. Rivington (168621963),1
"FIELD, T. (tfield_1)",E. and C. Dilly (155859883),1
"FIELD, T. (tfield_1)","COLLINS, B. (bcollins_2)",1
"FIELD, T. (tfield_1)","Longman, T. (12361047)",1
"FIELD, T. (tfield_1)","KEITH, G. (gkeith_8)",1
"FIELD, T. (tfield_1)","BUCKLAND, J. (jbuckland_0)",1
"FABIAN, M. (maryfabian_0)","Smith, R. (66368711)",1
"FABIAN, M. (maryfabian_0)","Cockerill, Thomas (44183431)",1
"CLAVELL, Robert (bbti_107777)","SAYES, Gul. (gulsayes_0)",1
"CLAVELL, Robert (bbti_107777)","Croom, George (54065151)",1
"CLAVELL, Robert (bbti_107777)","HOLLAND, James (bbti_108660)",1
"CLAVELL, Robert (bbti_107777)","HOTHAM, Matthew (bbti_35237)",1
"CLAVELL, Robert (bbti_107777)","SAYES, William (bbti_108679)",1
"CLAVELL, Robert (bbti_107777)","RAY, Josephum (josephumray_0)",1
"CLAVELL, Robert (bbti_107777)","Roycroft, Samuel (63894889)",1
"CLAVELL, Robert (bbti_107777)","Brome, Charles, active 1687-1700, (76661281)",1
"CLAVELL, Robert (bbti_107777)","Clavel, Robert (NV6184)",1
"CLAVELL, Robert (bbti_107777)","Churchill, Awnsham, -1728, (100282981)",1
"RECOMMENDED, R. (rcrecommended_0)",Latin and Greek (latinandgreek_0),1
"RECOMMENDED, R. (rcrecommended_0)","ENGLISH, vocabulary (vocabularyenglish_0)",1
"RECOMMENDED, R. (rcrecommended_0)","Knapton, Paul (NV37384)",1
"Roycroft, Samuel (63894889)","Brome, Charles, active 1687-1700, (76661281)",1
"Roycroft, Samuel (63894889)","Clavel, Robert (NV6184)",1
"Roycroft, Samuel (63894889)","Churchill, Awnsham, -1728, (100282981)",1
"TUCKY, Roger (rogertucky_0)","Lowndes, Samuel (2698233)",1
"SPRINT, John (bbti_108120)","Ballard, Thomas, active 1698-1734. (72811927)",3
"SPRINT, John (bbti_108120)","Bettesworth, A. (36768263)",1
"SPRINT, John (bbti_108120)","BARNES, John (bbti_3974)",1
"SPRINT, John (bbti_108120)","MOUNT, J (bbti_48910)",1
"SPRINT, John (bbti_108120)","BROWNE, Jonah (Jonas) (bbti_10273)",1
"SPRINT, John (bbti_108120)","GUY, Thomas (bbti_29496)",1
"SPRINT, John (bbti_108120)","GOUGE, John (bbti_28011)",1
"SPRINT, John (bbti_108120)","Brightland, John (42226579)",1
"SPRINT, John (bbti_108120)","REDMAYNE, Edmund (bbti_107601)",1
"SPRINT, John (bbti_108120)","Round, J. (34044423)",1
"SPRINT, John (bbti_108120)","Parkhurst, Thomas (13724886)",1
"Bettesworth, A. (36768263)","BARNES, John (bbti_3974)",1
"Bettesworth, A. (36768263)","MOUNT, J (bbti_48910)",1
"Bettesworth, A. (36768263)","BROWNE, Jonah (Jonas) (bbti_10273)",1
"Bettesworth, A. (36768263)","GUY, Thomas (bbti_29496)",1
"Bettesworth, A. (36768263)","GOUGE, John (bbti_28011)",1
"Bettesworth, A. (36768263)","Brightland, John (42226579)",1
"Bettesworth, A. (36768263)","WEBB, William (bbti_73978)",1
"Bettesworth, A. (36768263)","COLEBROOK, John (johncolebrook_0)",1
"EVERINGHAM, Elinor Mrs (bbti_23234)","ARCHER, Joseph (bbti_1617)",1
"EVERINGHAM, Elinor Mrs (bbti_23234)","Round, J. (34044423)",1
"King, C. (7257114)","CLARK, Samuel (bbti_13971)",1
"King, C. (7257114)","BARKER, B. (benjaminbarker_0)",2
"King, C. (7257114)","Smith, R. (66368711)",1
"King, C. (7257114)","Nutt, John, active 1691-1716, (NV23177)",1
"King, C. (7257114)","BROWNE, Jonah (Jonas) (bbti_10273)",1
"Norris, Thomas (29437883)","DEACON, M (bbti_19371)",1
"CHANTRY, John (bbti_13063)",Johannem (johannem_1),1
"CHANTRY, John (bbti_13063)",Tribuli & Moletrinae (tribulimoletrinae_0),1
"CHANTRY, John (bbti_13063)","GWILLIM, Phillip (bbti_108090)",1
assigns of Richard and Edward Atkins (121292554),"COX, --- (bbti_16704)",1
"BARTLETT, Thomas (bbti_4361)","SLATTER, James (bbti_106998)",1
"ILIVE, Thomas (bbti_108069)","Parkhurst, Thomas (13724886)",1
"BAKER, John (bbti_3052)","Darby, John (311335919)",1
"PAWLETT, Edward II (bbti_53006)","NORTON, William (bbti_132756)",1
"Parkhurst, Thomas (13724886)","BOULTER, Whattoff (bbti_7972)",1
"Parkhurst, Thomas (13724886)","Lawson, Deodat. (7732747)",1
"Parkhurst, Thomas (13724886)","Cockerill, Thomas (44183431)",1
"Parkhurst, Thomas (13724886)","MARSHALL, John (bbti_45404)",1
"Parkhurst, Thomas (13724886)","N H, --- (bbti_49542)",1
"Parkhurst, Thomas (13724886)","BRUDENELL, John (bbti_106112)",1
"Parkhurst, Thomas (13724886)","BUNCE, Thomas (bbti_10853)",1
"Parkhurst, Thomas (13724886)","ROBINSON, Joseph (bbti_113639)",1
"SHEPHERD, Thomas (thomasshepheard_0)","Powell, S. (187519562)",1
"MEURE, Anthoine (Antonius) (bbti_47034)","BOWYER, Guillaume (guillaumebowyer_0)",1
"HOLLAND, James (bbti_108660)","HOTHAM, Matthew (bbti_35237)",1
"HOLLAND, James (bbti_108660)","SAYES, William (bbti_108679)",1
"PEISLEY, Anthony (anthonypeisley_0)",J. and P. Knapton (150016994),1
J. and P. Knapton (150016994),"HARRIS, George (bbti_31021)",1
J. and P. Knapton (150016994),"DAVIS, William (bbti_19047)",1
"KNOX, Mr (mrhenryknox_0)","VALLANGE, John (johnvallange_0)",1
"KNOX, Mr (mrhenryknox_0)","FREEBAIRN, Mr (mrdavidfreebairn_0)",1
"Place, J. (54032983)","Pennyman, John, 1628-1706. (20026170)",1
"Place, J. (54032983)","BATTERSBY, Winstanley (bbti_109409)",1
"PEARSON, William (bbti_53370)","Playford, Henry (42680649)",1
"HARRISON, J (bbti_31247)","FREEMAN, William (bbti_105242)",1
"HARRISON, J (bbti_31247)","CLEAVE, John (bbti_108083)",1
"HARRISON, J (bbti_31247)","BOSVILLE, Alexander (bbti_7880)",1
"HARRISON, J (bbti_31247)","BROWNE, Daniel I (bbti_10232)",1
"HARRISON, J (bbti_31247)","COGGAN, Francis (bbti_14903)",1
"HARRISON, J (bbti_31247)","PLACE, Edward (bbti_54789)",1
"HARRISON, J (bbti_31247)","VINCENT, Robert (bbti_71765)",1
"ARCHER, Joseph (bbti_1617)","STOKOE, Luke (bbti_66593)",1
"ARCHER, Joseph (bbti_1617)","NEWTON, William (bbti_50174)",1
"ARCHER, Joseph (bbti_1617)","Round, J. (34044423)",1
"MARSHALL, John (bbti_45404)","N H, --- (bbti_49542)",1
"KEBLE, William (bbti_39462)",Sam (sam_0),1
"Roberts, Robert (41745564)","Cockerill, Thomas (44183431)",1
"BONWICKE, Rebecca (bbti_7688)","FREEMAN, William (bbti_105242)",3
"STRAHAN, W. (wstrahan_2)","FULLER, J. (jfuller_3)",1
"STRAHAN, W. (wstrahan_2)","HAWES, L. (lhawes_2)",1
"STRAHAN, W. (wstrahan_2)","CLARK, Mr (mrwarrenclark_0)",1
"STRAHAN, W. (wstrahan_2)",J. F. and C. Rivington (168621963),1
"STRAHAN, W. (wstrahan_2)",E. and C. Dilly (155859883),1
"STRAHAN, W. (wstrahan_2)","COLLINS, B. (bcollins_2)",1
"STRAHAN, W. (wstrahan_2)","Longman, T. (12361047)",1
"STRAHAN, W. (wstrahan_2)","KEITH, G. (gkeith_8)",1
"STRAHAN, W. (wstrahan_2)","BUCKLAND, J. (jbuckland_0)",1
"MAXWELL, J. (johnmaxwell_0)","Senex, J. (13471693)",1
"HODGSON, Thomas (bbti_34152)","GIBSON, Robert (bbti_26983)",1
"HODGSON, Thomas (bbti_34152)","COGGAN, Francis (bbti_14903)",1
"HOWELL, Mary (maryhowell_0)","BAGFORD, John (bbti_2709)",1
"MEREDITH, John (bbti_46854)","CHAPMAN, Thomas (bbti_13173)",1
"FREEMAN, William (bbti_105242)","COGGAN, Francis (bbti_14903)",2
"FREEMAN, William (bbti_105242)","CLEAVE, John (bbti_108083)",1
"FREEMAN, William (bbti_105242)","BOSVILLE, Alexander (bbti_7880)",1
"FREEMAN, William (bbti_105242)","BROWNE, Daniel I (bbti_10232)",1
"FREEMAN, William (bbti_105242)","PLACE, Edward (bbti_54789)",1
"FREEMAN, William (bbti_105242)","VINCENT, Robert (bbti_71765)",1
"Darby, John (311335919)","THURLBOURN, Richard (richardthurlbourn_0)",1
"Leake, J. (34343718)","MEREDITH, Luke (bbti_127096)",1
"Leake, J. (34343718)","Mortlock, Henry (26078421)",1
"BARNES, John (bbti_3974)","MOUNT, J (bbti_48910)",1
"BARNES, John (bbti_3974)","BROWNE, Jonah (Jonas) (bbti_10273)",1
"BARNES, John (bbti_3974)","GUY, Thomas (bbti_29496)",1
"BARNES, John (bbti_3974)","GOUGE, John (bbti_28011)",1
"BARNES, John (bbti_3974)","Brightland, John (42226579)",1
"GOSLING, Robert (bbti_106365)","Keble, Samuel (61423499)",1
"Mount, Richard (68823052)","PAGE, Thomas (bbti_113830)",1
"Mount, Richard (68823052)","Price, Charles (44193460)",1
"Mount, Richard (68823052)",Jer (jer_0),1
"BRUDENELL, John (bbti_106112)","Round, J. (34044423)",1
"DOM, Dom (annodom_0)","Mosman, George (68826401)",2
"WOODWARD, John (bbti_110417)","BOROUGHS, R (bbti_7840)",1
"AWNSHAM, --- (bbti_2465)","CHURCHILL, John (bbti_13749)",1
"GIBSON, Robert (bbti_26983)","COGGAN, Francis (bbti_14903)",1
"WATSON, Jacobus (jacobuswatson_0)","FREEBAIRN, M. (mrobfreebairn_0)",1
"ROBERTS, Mary (maryroberts_0)","WALWYN, Herbert (bbti_72856)",1
"CLEAVE, John (bbti_108083)","BOSVILLE, Alexander (bbti_7880)",1
"CLEAVE, John (bbti_108083)","BROWNE, Daniel I (bbti_10232)",1
"CLEAVE, John (bbti_108083)","COGGAN, Francis (bbti_14903)",1
"CLEAVE, John (bbti_108083)","PLACE, Edward (bbti_54789)",1
"CLEAVE, John (bbti_108083)","VINCENT, Robert (bbti_71765)",1
"CHAPMAN, Thomas (bbti_13173)","MONCKTON, Philip (bbti_47943)",1
"WALFORD, Benjamin (bbti_107857)","ATKINS, Maurice (bbti_2178)",1
"WALFORD, Benjamin (bbti_107857)","EATON, Joseph (josepheaton_0)",1
"WALFORD, Benjamin (bbti_107857)","TAYLOR, Randolph (bbti_68227)",1
"Humfreys, J. (24489154)","CHURCHILL, John (bbti_13749)",1
"EVETS, Edward (bbti_23263)","THORP, George (georgethorpe_0)",1
"REDMAYNE, Edmund (bbti_107601)","Ballard, Thomas, active 1698-1734. (72811927)",1
"WALE, Jeffrey (bbti_72157)","Senex, J. (13471693)",3
"WALE, Jeffrey (bbti_72157)","Price, C., (106875778)",1
"WALE, Jeffrey (bbti_72157)","BOSVILLE, Alexander (bbti_7880)",1
"WALSH, John (bbti_72718)","Randall, P. (NV26184)",1
"WALSH, John (bbti_72718)","HARE, John (bbti_125013)",1
"WALSH, John (bbti_72718)","Round, J. (34044423)",1
"WALSH, John (bbti_72718)","PUREEL, Mr (mrdpureel_0)",1
"HOTHAM, Matthew (bbti_35237)","SAYES, William (bbti_108679)",1
"D'Urfey, Thomas, 1653-1723. (5060938)","LEACH, Francis (bbti_41727)",1
"SMITH, Charles (bbti_63806)","BARKER, Anthony (bbti_3747)",1
"FULLER, J. (jfuller_3)","HAWES, L. (lhawes_2)",1
"FULLER, J. (jfuller_3)","CLARK, Mr (mrwarrenclark_0)",1
"FULLER, J. (jfuller_3)",J. F. and C. Rivington (168621963),1
"FULLER, J. (jfuller_3)",E. and C. Dilly (155859883),1
"FULLER, J. (jfuller_3)","COLLINS, B. (bcollins_2)",1
"FULLER, J. (jfuller_3)","Longman, T. (12361047)",1
"FULLER, J. (jfuller_3)","KEITH, G. (gkeith_8)",1
"FULLER, J. (jfuller_3)","BUCKLAND, J. (jbuckland_0)",1
"Price, Charles (44193460)",Jer (jer_0),2
"Price, Charles (44193460)","Senex, J. (13471693)",1
"Price, Charles (44193460)","MEAD, T (bbti_46514)",1
"DOBSON, E. (eliphaldobson_0)","WARE, John (johnware_0)",1
"MORTLOCK, George (bbti_48741)",Henry (henry_0),1
"Lloyd, E. (28551960)","Waters, E. (51577264)",1
"BOSVILLE, Alexander (bbti_7880)","BROWNE, Daniel I (bbti_10232)",1
"BOSVILLE, Alexander (bbti_7880)","COGGAN, Francis (bbti_14903)",2
"BOSVILLE, Alexander (bbti_7880)","PLACE, Edward (bbti_54789)",1
"BOSVILLE, Alexander (bbti_7880)","VINCENT, Robert (bbti_71765)",1
"BOSVILLE, Alexander (bbti_7880)","BASSES, R. (rbasses_0)",1
"Ballard, Thomas, active 1698-1734. (72811927)","ROBINSON, Joseph (bbti_113639)",1
"Smith, R. (66368711)","Cockerill, Thomas (44183431)",1
"Smith, R. (66368711)","Nutt, John, active 1691-1716, (NV23177)",1
"Smith, R. (66368711)","BARKER, B. (benjaminbarker_0)",1
"Smith, R. (66368711)","PLACE, Edward (bbti_54789)",1
"Midwinter, Daniel, active 1698-1725, (99687181)","Round, J. (34044423)",1
"Midwinter, Daniel, active 1698-1725, (99687181)","Knapton, J. (76192869)",1
"Midwinter, Daniel, active 1698-1725, (99687181)","Bell, Andrew, -1720?, (210259891)",1
"ADEY, Samuel (samueladey_0)","Sandys, Edwin, Jr., -1734, (19564723)",1
"Nutt, John, active 1691-1716, (NV23177)","BARKER, B. (benjaminbarker_0)",1
"LEWIS, William (bbti_42637)","HORNE, Thomas (bbti_35104)",1
"MOUNT, J (bbti_48910)","BROWNE, Jonah (Jonas) (bbti_10273)",1
"MOUNT, J (bbti_48910)","GUY, Thomas (bbti_29496)",1
"MOUNT, J (bbti_48910)","GOUGE, John (bbti_28011)",1
"MOUNT, J (bbti_48910)","Brightland, John (42226579)",1
"Brome, Charles, active 1687-1700, (76661281)","Clavel, Robert (NV6184)",1
"Brome, Charles, active 1687-1700, (76661281)","Churchill, Awnsham, -1728, (100282981)",1
"HAWES, L. (lhawes_2)","CLARK, Mr (mrwarrenclark_0)",1
"HAWES, L. (lhawes_2)",J. F. and C. Rivington (168621963),1
"HAWES, L. (lhawes_2)",E. and C. Dilly (155859883),1
"HAWES, L. (lhawes_2)","COLLINS, B. (bcollins_2)",1
"HAWES, L. (lhawes_2)","Longman, T. (12361047)",1
"HAWES, L. (lhawes_2)","KEITH, G. (gkeith_8)",1
"HAWES, L. (lhawes_2)","BUCKLAND, J. (jbuckland_0)",1
"Round, J. (34044423)","Knapton, J. (76192869)",1
"Round, J. (34044423)","Bell, Andrew, -1720?, (210259891)",1
"Round, J. (34044423)","PUREEL, Mr (mrdpureel_0)",1
"CLAVELL, Roger (bbti_14312)","ROBINSON, Joseph (bbti_113639)",2
"CLAVELL, Roger (bbti_14312)","SCOTT, Robert (bbti_105534)",1
"ROBINSON, Joseph (bbti_113639)","SCOTT, Robert (bbti_105534)",1
"Redmayne, W. (61419541)","GILMAN, Caleb (calebgilman_0)",1
Jer (jer_0),"Senex, J. (13471693)",1
Jer (jer_0),"MEAD, T (bbti_46514)",1
"HARRIS, Elizabeth (bbti_31005)","BARKER, B. (benjaminbarker_0)",1
"HARRIS, Elizabeth (bbti_31005)","Parsons, William, 1658-1725?. (74704276)",1
"STOKOE, Luke (bbti_66593)","NEWTON, William (bbti_50174)",1
"BROWNE, Daniel I (bbti_10232)","COGGAN, Francis (bbti_14903)",1
"BROWNE, Daniel I (bbti_10232)","PLACE, Edward (bbti_54789)",1
"BROWNE, Daniel I (bbti_10232)","VINCENT, Robert (bbti_71765)",1
"ARMSTRONG, A. (aarmstrong_0)","Clark, M. (122059304)",1
"Clark, M. (122059304)","ARMSTRONG, Thomas (bbti_1745)",1
"Whalley, John, 1653-1724. (13738529)","FOSTER, John (johnfoster_2)",1
"Whalley, John, 1653-1724. (13738529)","Gunne, M. (36818337)",1
"Mosman, George (68826401)","MONCUR, Joannes (joannesmoncur_0)",1
"Senex, J. (13471693)","Price, C., (106875778)",1
"Senex, J. (13471693)","MEAD, T (bbti_46514)",1
Latin and Greek (latinandgreek_0),"ENGLISH, vocabulary (vocabularyenglish_0)",1
Latin and Greek (latinandgreek_0),"Knapton, Paul (NV37384)",1
"BARKER, B. (benjaminbarker_0)","Parsons, William, 1658-1725?. (74704276)",1
"BROWNE, Jonah (Jonas) (bbti_10273)","GUY, Thomas (bbti_29496)",1
"BROWNE, Jonah (Jonas) (bbti_10273)","GOUGE, John (bbti_28011)",1
"BROWNE, Jonah (Jonas) (bbti_10273)","Brightland, John (42226579)",1
"COGGAN, Francis (bbti_14903)","PLACE, Edward (bbti_54789)",1
"COGGAN, Francis (bbti_14903)","VINCENT, Robert (bbti_71765)",1
"COGGAN, Francis (bbti_14903)","BASSES, R. (rbasses_0)",1
"Bissel, J. (NV3131)","MILBORN, Alexander (bbti_106884)",1
"CLARK, Mr (mrwarrenclark_0)",J. F. and C. Rivington (168621963),1
"CLARK, Mr (mrwarrenclark_0)",E. and C. Dilly (155859883),1
"CLARK, Mr (mrwarrenclark_0)","COLLINS, B. (bcollins_2)",1
"CLARK, Mr (mrwarrenclark_0)","Longman, T. (12361047)",1
"CLARK, Mr (mrwarrenclark_0)","KEITH, G. (gkeith_8)",1
"CLARK, Mr (mrwarrenclark_0)","BUCKLAND, J. (jbuckland_0)",1
"PLACE, Edward (bbti_54789)","VINCENT, Robert (bbti_71765)",1
"WILKINS, Richard (bbti_106392)","Blome, Richard, -1705. (90716242)",1
"WILKINS, Richard (bbti_106392)","WILD, Joseph (bbti_75720)",1
"WILKINS, Richard (bbti_106392)","Loveling, Benjamin, 1672 or 1673-1727. (12184804)",1
"WILKINS, Richard (bbti_106392)","BROOM, Charles (bbti_9682)",1
"WILKINS, Richard (bbti_106392)","WILDE, Joseph (bbti_75760)",1
"WEBB, William (bbti_73978)","COLEBROOK, John (johncolebrook_0)",1
"SQUARE, Red (redlionsquare_0)","HALE, --- (bbti_29737)",1
"Blome, Richard, -1705. (90716242)","WILD, Joseph (bbti_75720)",1
"ATKINS, Maurice (bbti_2178)","EATON, Joseph (josepheaton_0)",1
"ENGLISH, vocabulary (vocabularyenglish_0)","Knapton, Paul (NV37384)",1
"KEBLE, Samuel (bbti_106556)","GRIFFIN, C (bbti_28989)",1
"Clavel, Robert (NV6184)","Churchill, Awnsham, -1728, (100282981)",1
"R, R (bbti_56507)","Playford, Henry (42680649)",1
"NORTON, William (bbti_132756)",E. and R. Pawlet (bbti_53001),1
"MORETON, Elias (bbti_112981)","PICARD, R (bbti_54336)",1
J. F. and C. Rivington (168621963),E. and C. Dilly (155859883),1
J. F. and C. Rivington (168621963),"COLLINS, B. (bcollins_2)",1
J. F. and C. Rivington (168621963),"Longman, T. (12361047)",1
J. F. and C. Rivington (168621963),"KEITH, G. (gkeith_8)",1
J. F. and C. Rivington (168621963),"BUCKLAND, J. (jbuckland_0)",1
"WHITE, Henry (bbti_74955)","SHEPEY, William (williamshepey_0)",1
"GUY, Thomas (bbti_29496)","GOUGE, John (bbti_28011)",1
"GUY, Thomas (bbti_29496)","Brightland, John (42226579)",1
E. and C. Dilly (155859883),"COLLINS, B. (bcollins_2)",1
E. and C. Dilly (155859883),"Longman, T. (12361047)",1
E. and C. Dilly (155859883),"KEITH, G. (gkeith_8)",1
E. and C. Dilly (155859883),"BUCKLAND, J. (jbuckland_0)",1
"MEARS, Richard jr (bbti_125031)","READ, James (bbti_57025)",1
"WARD, Josiah (bbti_113642)","SAYES, William (bbti_108679)",1
"Parker, George, 1654-1743. (11278298)","HUNT, W (bbti_36220)",1
"Knapton, J. (76192869)","Bell, Andrew, -1720?, (210259891)",1
"Beardwell, B. (NV2610)","JOHN, James (jamesmceuen_0)",1
"GOUGE, John (bbti_28011)","Brightland, John (42226579)",1
"ROGERS, Gulielmi (gulielmirogers_0)","DUNSTANI, S. (sdunstani_0)",1
"VINCENT, Robert (bbti_71765)","Holt, S. (NV_BH_X06778093X)",1
"Randall, P. (NV26184)","HARE, John (bbti_125013)",1
"Wellington, Richard, active 1693-1709, (NV33083)","Rumball, E., (NV27073)",1
"COLLINS, B. (bcollins_2)","Longman, T. (12361047)",1
"COLLINS, B. (bcollins_2)","KEITH, G. (gkeith_8)",1
"COLLINS, B. (bcollins_2)","BUCKLAND, J. (jbuckland_0)",1
German (german_0),"Jacob, (71827140)",1
Johannem (johannem_1),Tribuli & Moletrinae (tribulimoletrinae_0),1
"Loveling, Benjamin, 1672 or 1673-1727. (12184804)","BROOM, Charles (bbti_9682)",1
"Longman, T. (12361047)","KEITH, G. (gkeith_8)",1
"Longman, T. (12361047)","BUCKLAND, J. (jbuckland_0)",1
"KEITH, G. (gkeith_8)","BUCKLAND, J. (jbuckland_0)",1
